JODNMC_00002	iCN900.CD630_32580	29.0	328	199	12	2	306	89	405	6.62e-28	117
JODNMC_00002	iHN637.CLJU_RS09955	30.4	326	190	11	25	321	94	411	1.22e-26	113
JODNMC_00003	iLJ478.TM1426	25.2	524	330	19	5	497	10	502	2.14e-42	160
JODNMC_00003	iHN637.CLJU_RS07205	24.1	526	344	14	3	487	2	513	1.02e-39	151
JODNMC_00004	iLJ478.TM1425	30.5	555	354	12	47	593	67	597	2.28e-72	244
JODNMC_00004	iLJ478.TM0010	29.4	472	319	5	122	589	102	563	8.27e-69	234
JODNMC_00007	iJN1463.PP_0341	26.5	151	94	5	63	206	189	329	7.49e-12	63.2
JODNMC_00007	iPC815.YPO0057	35.4	79	47	1	81	155	216	294	9.78e-10	57.0
JODNMC_00008	iIT341.HP0279	30.7	114	62	4	1	103	1	108	5.66e-07	45.8
JODNMC_00009	iJN1463.PP_0063	26.4	197	126	9	108	297	93	277	3.42e-07	50.8
JODNMC_00010	iYO844.BSU10270	32.1	517	316	8	13	509	9	510	1.22e-78	254
JODNMC_00010	iYO844.BSU28560	29.6	541	327	12	7	508	26	551	2.76e-72	239
JODNMC_00011	iAF987.Gmet_3253	46.2	130	70	0	3	132	2	131	4.97e-37	122
JODNMC_00012	iCHOv1.100759926	60.9	509	186	2	13	519	42	539	1.50e-211	596
JODNMC_00012	iLJ478.TM0716	58.8	519	210	2	1	519	1	515	6.07e-210	591
JODNMC_00012	iLB1027_lipid.PHATRDRAFT_45886	58.3	513	201	2	8	519	81	581	3.24e-206	584
JODNMC_00012	iAT_PLT_636.5096	57.6	540	193	4	2	519	34	559	2.01e-204	579
JODNMC_00012	iEK1008.Rv3280	57.5	522	213	3	6	519	28	548	2.78e-194	553
JODNMC_00013	iAF987.Gmet_3404	37.2	320	198	3	12	329	10	328	6.18e-63	203
JODNMC_00013	STM_v1_0.STM0163	37.0	322	196	5	12	329	8	326	4.65e-59	193
JODNMC_00013	iSynCJ816.SGL_RS16360	36.5	340	191	7	12	333	11	343	1.30e-57	190
JODNMC_00013	iYL1228.KPN_01121	34.5	330	210	4	1	327	2	328	3.94e-56	186
JODNMC_00015	iCN900.CD630_31000	33.1	520	268	10	1	513	9	455	1.42e-80	259
JODNMC_00016	iAM_Pf480.PF3D7_1420900	28.6	227	151	4	1	226	1	217	7.47e-20	87.0
JODNMC_00016	iAM_Pb448.PBANKA_102230	27.3	242	160	6	1	238	1	230	3.68e-19	85.1
JODNMC_00016	iAM_Pv461.PVX_085435	25.6	227	158	3	1	226	1	217	3.17e-17	79.7
JODNMC_00016	iAM_Pc455.PCYB_133630	24.6	228	159	3	1	226	1	217	7.59e-17	78.6
JODNMC_00017	iCN900.CD630_22450	57.4	439	185	2	4	442	6	442	2.13e-181	515
JODNMC_00017	iSynCJ816.SGL_RS16775	55.7	440	190	3	1	439	1	436	1.68e-177	505
JODNMC_00017	iSbBS512_1146.SbBS512_E2388	55.9	433	184	5	12	439	10	440	8.96e-171	488
JODNMC_00017	iSF_1195.SF0927	55.9	433	184	5	12	439	10	440	8.96e-171	488
JODNMC_00017	iSSON_1240.SSON_0933	55.9	433	184	5	12	439	10	440	8.96e-171	488
JODNMC_00017	iSDY_1059.SDY_2327	55.9	433	184	5	12	439	10	440	2.55e-170	487
JODNMC_00017	iAF987.Gmet_2412	56.1	442	189	3	3	444	4	440	8.67e-170	486
JODNMC_00017	STM_v1_0.STM1000	55.4	433	186	5	12	439	10	440	1.18e-168	483
JODNMC_00017	iYL1228.KPN_00961	55.2	433	187	5	12	439	10	440	3.37e-168	482
JODNMC_00017	iPC815.YPO1412	55.5	431	189	3	12	439	10	440	7.78e-167	478
JODNMC_00024	iLJ478.TM0128	35.4	514	248	11	10	519	4	437	2.57e-86	275
JODNMC_00024	iJN1463.PP_5346	32.8	518	268	7	3	517	2	442	2.73e-77	256
JODNMC_00024	iAF692.Mbar_A1586	33.7	523	268	9	5	523	2	449	1.52e-75	250
JODNMC_00027	iAF987.Gmet_2727	37.9	116	72	0	213	328	280	395	9.74e-21	91.7
JODNMC_00027	iAF987.Gmet_1832	30.7	202	115	6	139	329	331	518	1.16e-18	86.3
JODNMC_00027	iML1515.b0957	37.6	125	67	2	215	328	210	334	1.61e-18	84.7
JODNMC_00027	iSbBS512_1146.SbBS512_E2359	37.6	125	67	2	215	328	210	334	1.61e-18	84.7
JODNMC_00027	iSDY_1059.SDY_0930	37.6	125	67	2	215	328	214	338	1.68e-18	84.7
JODNMC_00027	iSF_1195.SF0957	37.6	125	67	2	215	328	212	336	1.64e-18	84.7
JODNMC_00027	iSSON_1240.SSON_0961	37.6	125	67	2	215	328	210	334	1.61e-18	84.7
JODNMC_00034	iML1515.b1683	62.0	479	163	3	14	477	21	495	1.22e-215	603
JODNMC_00034	iSSON_1240.SSON_1473	62.0	479	163	3	14	477	34	508	1.93e-215	603
JODNMC_00034	iSF_1195.SF1713	61.8	479	164	3	14	477	21	495	1.99e-214	600
JODNMC_00035	iML1515.b1682	56.8	241	103	1	3	242	1	241	9.06e-94	275
JODNMC_00035	iSSON_1240.SSON_1474	56.8	241	103	1	3	242	1	241	1.29e-93	275
JODNMC_00035	iSDY_1059.SDY_1913	56.8	241	103	1	3	242	1	241	1.82e-93	274
JODNMC_00035	iSF_1195.SF1712	56.4	241	104	1	3	242	1	241	3.67e-93	273
JODNMC_00036	iML1515.b1681	28.7	414	264	12	28	434	31	420	1.82e-43	157
JODNMC_00036	iSSON_1240.SSON_1475	28.7	414	264	12	28	434	31	420	6.73e-43	156
JODNMC_00036	iSF_1195.SF1711	28.7	414	264	12	28	434	31	420	1.30e-42	155
JODNMC_00036	iSDY_1059.SDY_1912	28.5	414	265	12	28	434	31	420	6.50e-41	150
JODNMC_00042	iCN718.ABAYE_RS08505	30.0	377	231	13	5	362	2	364	1.84e-26	108
JODNMC_00042	iPC815.YPO1118	28.8	364	232	9	6	354	3	354	3.77e-24	102
JODNMC_00042	iYL1228.KPN_00737	27.4	387	251	12	5	375	2	374	9.63e-24	100
JODNMC_00043	iCN718.ABAYE_RS08510	42.5	520	274	7	6	519	5	505	1.23e-126	379
JODNMC_00043	iSDY_1059.SDY_0953	41.4	517	278	8	7	517	4	501	4.04e-124	372
JODNMC_00043	iSF_1195.SF0980	41.2	517	279	8	7	517	4	501	8.08e-124	372
JODNMC_00043	iYL1228.KPN_00736	40.8	522	284	7	4	519	2	504	1.50e-123	371
JODNMC_00043	iSbBS512_1146.SbBS512_E2337	41.0	517	280	8	7	517	4	501	2.28e-123	370
JODNMC_00043	iSSON_1240.SSON_0984	41.2	517	279	8	7	517	4	501	2.28e-123	370
JODNMC_00043	iML1515.b0733	40.3	521	288	6	4	519	1	503	4.12e-123	370
JODNMC_00043	iSSON_1240.SSON_0685	40.3	521	288	6	4	519	2	504	4.24e-123	370
JODNMC_00043	iML1515.b0978	41.0	517	280	8	7	517	4	501	4.55e-123	370
JODNMC_00043	STM_v1_0.STM1792	41.2	519	276	8	7	517	4	501	4.06e-121	365
JODNMC_00043	iPC815.YPO1117	39.5	526	285	5	4	519	1	503	2.06e-120	363
JODNMC_00043	STM_v1_0.STM0740	39.7	534	273	7	4	519	1	503	4.62e-119	360
JODNMC_00046	iAF987.Gmet_2727	41.4	111	65	0	543	653	280	390	9.99e-18	85.5
JODNMC_00047	iAF987.Gmet_3159	39.0	848	501	8	374	1211	12	853	1.53e-192	583
JODNMC_00048	iCN900.CD630_01030	34.2	240	153	4	5	241	6	243	1.06e-39	137
JODNMC_00048	iNF517.LLMG_RS02350	33.1	248	161	4	2	244	3	250	2.12e-38	134
JODNMC_00048	iYS854.USA300HOU_RS12020	30.6	242	164	3	1	239	1	241	5.95e-38	133
JODNMC_00049	iAF987.Gmet_3171	71.4	49	14	0	1	49	1	49	5.77e-25	86.3
JODNMC_00049	iJN1463.PP_5315	57.7	52	22	0	1	52	1	52	9.96e-22	78.2
JODNMC_00050	iLJ478.TM1724	44.7	244	133	1	3	246	2	243	1.27e-58	186
JODNMC_00054	iYS854.USA300HOU_RS05150	23.4	252	152	9	132	362	261	492	5.60e-06	47.8
JODNMC_00054	iSynCJ816.SGL_RS16460	28.2	85	61	0	280	364	362	446	8.04e-05	44.3
JODNMC_00054	iYS854.USA300HOU_RS02965	31.1	74	50	1	275	347	407	480	1.64e-04	43.1
JODNMC_00055	iYS854.USA300HOU_RS07460	24.9	253	165	8	65	301	75	318	6.10e-10	59.7
JODNMC_00057	iJN1463.PP_1334	37.8	376	173	6	5	378	44	360	2.52e-65	211
JODNMC_00057	iPC815.YPO0552	35.8	374	183	5	5	378	44	360	1.20e-62	204
JODNMC_00057	iML1515.b0087	35.7	375	184	4	4	378	43	360	6.61e-62	202
JODNMC_00057	iSbBS512_1146.SbBS512_E0080	35.7	375	184	4	4	378	43	360	6.61e-62	202
JODNMC_00057	iSF_1195.SF0084	35.7	375	184	4	4	378	43	360	6.61e-62	202
JODNMC_00057	iSSON_1240.SSON_0095	35.7	375	184	4	4	378	43	360	6.61e-62	202
JODNMC_00057	iSDY_1059.SDY_0117	36.5	375	181	5	4	378	43	360	9.30e-62	202
JODNMC_00057	STM_v1_0.STM0125	36.0	375	183	5	4	378	43	360	2.01e-60	198
JODNMC_00057	iYL1228.KPN_00091	35.2	375	186	4	4	378	43	360	5.60e-60	197
JODNMC_00059	iML1515.b0089	30.6	330	208	8	57	378	89	405	1.49e-34	132
JODNMC_00059	iJN1463.PP_1336	26.0	358	240	10	42	387	51	395	4.19e-32	125
JODNMC_00060	iYO844.BSU15220	35.3	365	226	5	11	369	3	363	4.07e-69	221
JODNMC_00060	iCN900.CD630_26510	34.3	362	231	5	11	366	4	364	1.72e-62	205
JODNMC_00065	iHN637.CLJU_RS07215	53.6	153	71	0	7	159	5	157	1.15e-57	177
JODNMC_00065	iCN900.CD630_34050	60.9	133	52	0	28	160	27	159	8.94e-56	172
JODNMC_00066	iHN637.CLJU_RS07205	59.7	581	227	3	4	583	2	576	1.37e-257	717
JODNMC_00067	iHN637.CLJU_RS07210	66.1	572	194	0	5	576	34	605	1.55e-284	788
JODNMC_00067	iCN900.CD630_34060	63.0	571	207	3	8	575	37	606	3.64e-269	749
JODNMC_00067	iLJ478.TM0010	61.1	565	219	1	8	572	8	571	6.31e-260	725
JODNMC_00068	iCN900.CD630_01180	44.6	175	96	1	2	175	3	177	3.13e-48	154
JODNMC_00068	iAF987.Gmet_1309	41.5	176	102	1	1	175	1	176	7.33e-44	143
JODNMC_00069	iAF987.Gmet_1308	54.1	244	112	0	18	261	4	247	1.92e-90	267
JODNMC_00069	iAF692.Mbar_A2175	45.3	265	136	1	10	265	4	268	5.01e-77	241
JODNMC_00070	iCN900.CD630_01160	50.4	355	168	4	6	359	5	352	1.53e-118	347
JODNMC_00070	iAF987.Gmet_1307	50.4	357	162	6	7	360	7	351	2.69e-107	318
JODNMC_00070	iAF692.Mbar_A2174	48.7	353	168	6	5	354	4	346	1.49e-106	316
JODNMC_00071	iAF692.Mbar_A2173	37.8	37	23	0	9	45	12	48	2.09e-07	43.5
JODNMC_00071	iAF987.Gmet_1306	39.5	43	26	0	8	50	4	46	6.08e-07	42.0
JODNMC_00072	iLJ478.TM1698	21.3	366	246	10	25	390	13	336	1.11e-12	68.9
JODNMC_00072	iNF517.LLMG_RS10105	22.8	325	218	7	37	358	24	318	8.02e-11	63.2
JODNMC_00076	iEK1008.Rv3032	23.3	438	270	10	1	420	1	390	9.16e-25	105
JODNMC_00082	iCN900.CD630_31950	28.6	562	256	11	7	563	2	423	2.13e-50	185
JODNMC_00083	iCN900.CD630_31950	37.0	359	183	9	20	353	466	806	5.24e-68	228
JODNMC_00087	iMM1415.70750	34.2	187	116	3	14	194	36	221	1.93e-24	99.4
JODNMC_00087	iCHOv1.100774578	34.2	187	116	3	14	194	36	221	7.11e-24	97.8
JODNMC_00087	iCHOv1.100751291	29.3	181	123	2	13	189	53	232	7.26e-23	94.7
JODNMC_00087	iCN718.ABAYE_RS13055	30.6	193	129	3	5	194	8	198	5.70e-22	91.7
JODNMC_00087	iSF_1195.SF1556	31.4	185	115	4	12	191	2	179	3.48e-22	91.7
JODNMC_00087	iML1515.b1539	31.4	185	115	4	12	191	2	179	9.38e-22	90.5
JODNMC_00087	iSSON_1240.SSON_1589	31.4	185	115	4	12	191	2	179	9.38e-22	90.5
JODNMC_00087	iMM904.YMR226C	33.0	191	118	6	14	196	17	205	1.82e-21	90.1
JODNMC_00087	iSDY_1059.SDY_1586	31.4	185	115	4	12	191	2	179	1.30e-21	90.1
JODNMC_00088	iCN900.CD630_06820	26.6	444	305	9	1	435	1	432	1.93e-26	112
JODNMC_00089	iHN637.CLJU_RS02910	38.0	334	191	6	1	327	35	359	6.82e-63	203
JODNMC_00093	iAF987.Gmet_1750	33.5	209	135	2	238	446	44	248	1.15e-28	115
JODNMC_00098	iCN718.ABAYE_RS03640	41.9	191	107	2	9	198	5	192	8.42e-45	148
JODNMC_00098	iLB1027_lipid.PHATRDRAFT_50084	35.8	218	115	5	9	205	26	239	2.61e-39	135
JODNMC_00098	iMM904.YBL064C	43.9	180	86	6	30	200	71	244	2.68e-39	135
JODNMC_00101	iAM_Pf480.PF3D7_0827900	34.5	55	36	0	42	96	41	95	7.28e-05	41.6
JODNMC_00101	iAM_Pf480.PF3D7_1457200	30.8	65	40	2	32	96	2	61	1.52e-05	41.6
JODNMC_00101	iAM_Pv461.PVX_117605	33.3	60	34	2	39	96	6	61	2.10e-05	41.2
JODNMC_00101	iIT341.HP0824	34.0	50	32	1	46	95	15	63	3.02e-05	40.8
JODNMC_00101	iAM_Pc455.PCYB_125790	31.7	60	35	2	39	96	6	61	2.91e-05	40.8
JODNMC_00101	iYL1228.KPN_04282	41.9	43	24	1	40	81	11	53	4.41e-05	40.4
JODNMC_00101	iPC815.YPO3868	54.8	31	13	1	40	69	11	41	4.33e-05	40.4
JODNMC_00101	iML1515.b3781	54.8	31	13	1	40	69	11	41	8.43e-05	39.7
JODNMC_00101	iJN1463.PP_5215	29.2	65	44	2	32	96	6	68	8.43e-05	39.7
JODNMC_00101	STM_v1_0.STM3915	54.8	31	13	1	40	69	11	41	8.43e-05	39.7
JODNMC_00101	iSbBS512_1146.SbBS512_E4140	54.8	31	13	1	40	69	11	41	8.43e-05	39.7
JODNMC_00101	iSDY_1059.SDY_3968	54.8	31	13	1	40	69	29	59	1.11e-04	39.7
JODNMC_00101	iSF_1195.SF3854	54.8	31	13	1	40	69	29	59	1.11e-04	39.7
JODNMC_00101	iSSON_1240.SSON_3952	54.8	31	13	1	40	69	29	59	1.11e-04	39.7
JODNMC_00101	iMM904.YCR083W	35.5	31	20	0	48	78	42	72	2.11e-04	38.9
JODNMC_00101	iML1515.b2582	45.2	31	17	0	39	69	42	72	3.39e-04	38.5
JODNMC_00101	STM_v1_0.STM2649	45.2	31	17	0	39	69	42	72	3.39e-04	38.5
JODNMC_00101	iSbBS512_1146.SbBS512_E2954	45.2	31	17	0	39	69	42	72	3.39e-04	38.5
JODNMC_00101	iSDY_1059.SDY_2825	45.2	31	17	0	39	69	42	72	3.39e-04	38.5
JODNMC_00101	iSF_1195.SF2644	45.2	31	17	0	39	69	42	72	3.39e-04	38.5
JODNMC_00101	iSSON_1240.SSON_2708	45.2	31	17	0	39	69	42	72	3.39e-04	38.5
JODNMC_00101	iAM_Pb448.PBANKA_132090	30.6	49	30	1	48	96	17	61	3.90e-04	37.7
JODNMC_00101	iJN1463.PP_5069	58.3	24	9	1	47	69	53	76	6.74e-04	37.7
JODNMC_00101	iMM904.YGR209C	36.2	47	26	1	50	96	20	62	3.90e-04	37.7
JODNMC_00101	iYS854.USA300HOU_RS05725	34.0	47	30	1	47	93	15	60	3.90e-04	37.7
JODNMC_00103	iIT341.HP0509	25.1	521	313	11	5	520	9	457	3.41e-43	163
JODNMC_00103	iIT341.HP1222	24.1	664	432	22	10	647	18	635	4.40e-40	160
JODNMC_00103	iYO844.BSU28680	24.7	515	296	13	18	520	23	457	4.18e-40	154
JODNMC_00105	iCN900.CD630_28190	27.8	353	222	12	11	354	8	336	9.54e-23	97.8
JODNMC_00116	iCN900.CD630_10550	44.3	253	110	8	5	255	3	226	1.78e-52	172
JODNMC_00116	iHN637.CLJU_RS19405	40.6	251	121	5	5	254	3	226	5.13e-49	163
JODNMC_00117	iCN900.CD630_10560	45.1	337	164	4	1	332	1	321	3.74e-90	273
JODNMC_00118	iYO844.BSU24150	34.5	397	208	12	57	443	13	367	5.49e-54	187
JODNMC_00118	iCN900.CD630_10540	34.9	358	198	9	93	443	39	368	7.54e-53	184
JODNMC_00118	iJN1463.PP_2216	30.6	408	241	7	49	451	5	375	7.06e-52	181
JODNMC_00118	iJN1463.PP_2048	31.8	425	253	9	49	449	34	445	9.80e-50	181
JODNMC_00118	iAF987.Gmet_1715	34.3	356	193	9	100	445	47	371	2.91e-50	177
JODNMC_00118	iCN900.CD630_03990	35.3	368	197	11	98	457	43	377	7.43e-50	176
JODNMC_00118	iCHOv1.100766828	31.9	370	209	9	98	461	89	421	4.11e-48	172
JODNMC_00120	iAM_Pb448.PBANKA_050740	44.4	63	34	1	2	63	242	304	2.39e-08	48.9
JODNMC_00120	iAM_Pf480.PF3D7_1023200	46.6	58	30	1	2	58	239	296	4.45e-08	48.1
JODNMC_00120	iAM_Pc455.PCYB_061750	41.0	78	38	3	2	78	244	314	1.56e-07	46.6
JODNMC_00120	iAM_Pv461.PVX_111555	37.9	87	46	3	2	87	252	331	2.14e-07	46.2
JODNMC_00126	iLJ478.TM0040	41.9	267	153	2	10	275	8	273	1.67e-74	228
JODNMC_00126	iPC815.YPO3501	41.5	258	147	3	9	264	6	261	8.95e-66	206
JODNMC_00130	iLJ478.TM1521	36.6	292	180	3	5	292	1	291	2.10e-69	217
JODNMC_00130	iYO844.BSU16770	39.5	276	166	1	6	280	3	278	4.21e-68	213
JODNMC_00130	iAF987.Gmet_0211	38.6	290	172	4	5	290	1	288	4.27e-62	198
JODNMC_00132	iAF987.Gmet_2399	44.6	251	134	2	10	255	8	258	8.52e-72	220
JODNMC_00132	iCN900.CD630_34970	42.6	237	131	3	24	256	247	482	1.29e-61	201
JODNMC_00132	iLJ478.TM0913	44.7	257	130	5	3	254	1	250	6.44e-64	200
JODNMC_00133	iLJ478.TM0274	54.0	400	180	4	1	398	1	398	5.43e-150	430
JODNMC_00133	iHN637.CLJU_RS06265	52.3	398	187	3	1	398	1	395	5.68e-146	419
JODNMC_00133	iCN900.CD630_11750	51.6	399	190	3	1	398	1	397	3.25e-145	417
JODNMC_00133	iAF692.Mbar_A1820	51.8	398	190	2	1	398	1	396	1.72e-142	411
JODNMC_00133	iYO844.BSU29470	51.0	398	186	5	2	397	3	393	5.13e-136	394
JODNMC_00136	iSynCJ816.SGL_RS17200	33.1	704	441	5	10	705	9	690	1.69e-128	396
JODNMC_00136	iEK1008.Rv0684	32.2	702	447	7	9	700	13	695	7.13e-121	377
JODNMC_00136	iSynCJ816.SGL_RS10930	32.6	697	443	6	9	700	10	684	1.17e-119	373
JODNMC_00137	iHN637.CLJU_RS05190	39.5	387	211	7	4	377	3	379	8.06e-84	263
JODNMC_00137	iCN900.CD630_26640	40.1	384	218	8	4	379	3	382	2.90e-81	256
JODNMC_00137	iYO844.BSU15180	37.9	367	212	6	24	378	24	386	7.70e-77	245
JODNMC_00137	iAF987.Gmet_0407	35.9	387	234	5	4	378	3	387	9.94e-75	240
JODNMC_00138	iAF987.Gmet_0406	27.4	674	418	23	41	701	34	649	5.06e-58	207
JODNMC_00139	iLJ478.TM1077	46.4	274	144	2	1	272	4	276	4.45e-82	248
JODNMC_00140	iYS854.USA300HOU_RS05760	48.8	170	80	3	20	183	27	195	1.25e-43	143
JODNMC_00140	iAF987.Gmet_1875	47.9	167	83	3	7	170	21	186	1.32e-40	135
JODNMC_00140	iSynCJ816.SGL_RS12040	46.7	152	75	2	25	174	36	183	1.13e-38	130
JODNMC_00141	iAM_Pc455.PCYB_113330	31.1	180	112	3	436	604	337	515	4.10e-21	99.8
JODNMC_00144	iHN637.CLJU_RS09955	23.9	326	168	14	13	309	114	388	5.92e-06	48.1
JODNMC_00144	iHN637.CLJU_RS08485	20.4	235	137	6	13	199	13	245	1.05e-05	47.4
JODNMC_00144	iHN637.CLJU_RS07205	23.1	199	117	6	12	199	189	362	2.71e-05	46.2
JODNMC_00144	iCN900.CD630_33140	20.2	387	213	14	13	309	8	388	3.22e-05	45.8
JODNMC_00151	iHN637.CLJU_RS17650	32.5	83	54	1	58	140	92	172	8.37e-07	46.6
JODNMC_00153	iAF987.Gmet_1954	50.6	514	246	5	5	516	6	513	1.49e-164	476
JODNMC_00153	iCN718.ABAYE_RS05185	48.1	518	262	4	1	517	9	520	8.93e-157	457
JODNMC_00153	iJN1463.PP_1426	46.9	524	262	4	2	517	5	520	3.94e-152	445
JODNMC_00153	iPC815.YPO2710	47.5	518	260	4	5	517	22	532	7.97e-152	444
JODNMC_00153	iYL1228.KPN_02899	47.8	521	260	4	2	517	7	520	2.63e-151	443
JODNMC_00153	STM_v1_0.STM2641	47.1	518	262	4	5	517	10	520	2.82e-148	435
JODNMC_00153	iML1515.b2574	46.8	524	261	6	2	517	7	520	1.13e-147	434
JODNMC_00153	iSDY_1059.SDY_2815	46.4	521	267	4	2	517	7	520	3.20e-147	432
JODNMC_00155	iHN637.CLJU_RS13445	70.1	391	114	2	1	391	175	562	7.26e-201	565
JODNMC_00156	iCHOv1.100750675	51.6	62	30	0	1	62	236	297	3.94e-16	69.7
JODNMC_00157	iSDY_1059.SDY_3673	57.6	524	216	3	19	541	22	540	3.01e-217	612
JODNMC_00157	iML1515.b3403	57.6	524	216	3	19	541	22	540	1.73e-216	610
JODNMC_00157	iYL1228.KPN_03773	57.0	523	219	3	19	540	22	539	1.73e-216	610
JODNMC_00157	iSbBS512_1146.SbBS512_E3782	57.6	524	216	3	19	541	22	540	1.73e-216	610
JODNMC_00157	iSF_1195.SF3422	57.6	524	216	3	19	541	22	540	1.73e-216	610
JODNMC_00157	iSSON_1240.SSON_3534	57.6	524	216	3	19	541	22	540	1.73e-216	610
JODNMC_00157	STM_v1_0.STM3500	56.3	544	229	6	1	541	1	538	4.30e-214	603
JODNMC_00157	iPC815.YPO0138	56.9	524	220	3	19	541	21	539	1.80e-213	602
JODNMC_00158	iCHOv1.100761937	28.1	267	167	8	21	265	79	342	9.01e-11	61.2
JODNMC_00159	iAF987.Gmet_1885	34.6	240	153	3	1	238	1	238	4.11e-43	145
JODNMC_00159	iSynCJ816.SGL_RS02965	33.9	239	155	3	1	237	1	238	1.06e-40	139
JODNMC_00159	iML1515.b2564	36.1	227	143	2	4	229	6	231	1.58e-40	139
JODNMC_00159	iSDY_1059.SDY_2805	36.1	227	143	2	4	229	6	231	1.58e-40	139
JODNMC_00159	iSbBS512_1146.SbBS512_E2929	35.7	227	144	2	4	229	6	231	8.81e-40	137
JODNMC_00159	iSF_1195.SF2626	35.7	227	144	2	4	229	6	231	8.81e-40	137
JODNMC_00159	iSSON_1240.SSON_2688	35.7	227	144	2	4	229	6	231	1.24e-39	136
JODNMC_00159	iYL1228.KPN_02889	35.7	227	144	2	4	229	6	231	6.90e-39	134
JODNMC_00159	STM_v1_0.STM2578	34.8	227	146	2	4	229	6	231	9.72e-39	134
JODNMC_00159	iPC815.YPO2930	36.3	223	140	2	4	225	6	227	9.72e-39	134
JODNMC_00159	iCN718.ABAYE_RS05235	32.5	228	152	2	4	230	5	231	7.22e-38	132
JODNMC_00160	iAF987.Gmet_3508	24.6	391	223	11	39	418	86	415	1.19e-20	93.2
JODNMC_00165	iEK1008.Rv0684	42.7	599	333	7	1	593	106	700	6.77e-167	491
JODNMC_00165	iSynCJ816.SGL_RS10930	43.0	604	316	10	1	593	103	689	1.59e-165	488
JODNMC_00165	iSynCJ816.SGL_RS17200	41.3	593	339	7	3	592	103	689	1.46e-152	454
JODNMC_00173	iJN1463.PP_4215	28.6	189	98	8	265	446	138	296	1.24e-11	65.1
JODNMC_00177	iAF987.Gmet_3509	31.2	493	308	7	69	544	547	1025	2.49e-60	216
JODNMC_00177	iJN1463.PP_0043	30.1	489	311	7	76	542	558	1037	1.80e-54	199
JODNMC_00183	iYO844.BSU15560	43.3	164	93	0	1	164	47	210	3.21e-39	132
JODNMC_00183	iNF517.LLMG_RS07605	38.8	165	101	0	1	165	43	207	7.50e-39	131
JODNMC_00188	iHN637.CLJU_RS20600	32.5	382	231	10	2	367	10	380	1.04e-44	161
JODNMC_00188	iJN1463.PP_0547	26.8	366	244	7	1	350	1	358	5.87e-40	148
JODNMC_00188	iYO844.BSU29790	25.6	454	286	14	4	440	5	423	1.16e-39	147
JODNMC_00188	iPC815.YPO3519	26.4	459	295	13	1	437	1	438	3.54e-39	146
JODNMC_00189	iHN637.CLJU_RS10535	47.8	301	154	3	1	299	201	500	1.20e-84	263
JODNMC_00196	iAT_PLT_636.4881	38.3	235	138	4	191	420	820	1052	1.73e-37	145
JODNMC_00196	iEK1008.Rv1625c	39.4	216	128	2	209	423	212	425	6.38e-39	145
JODNMC_00196	iCHOv1.100752423	38.3	235	138	4	191	420	622	854	3.63e-37	144
JODNMC_00196	iMM1415.18160	37.9	235	139	4	191	420	816	1048	1.03e-36	143
JODNMC_00196	iCHOv1.100772356	37.0	238	145	3	188	420	677	914	3.38e-35	139
JODNMC_00196	iAT_PLT_636.4882	37.0	238	145	3	188	420	803	1040	3.65e-35	139
JODNMC_00196	iMM1415.230103	37.0	238	145	3	188	420	800	1037	3.65e-35	139
JODNMC_00196	iCHOv1.100752832	39.0	213	124	4	212	421	372	581	8.00e-35	137
JODNMC_00196	iAT_PLT_636.2984	36.7	240	144	5	196	428	771	1009	2.95e-34	136
JODNMC_00196	iCHOv1.100757969	35.0	240	148	5	196	428	750	988	1.29e-33	134
JODNMC_00196	iMM1415.14917	35.0	240	148	5	196	428	746	984	2.32e-33	133
JODNMC_00197	iHN637.CLJU_RS01075	57.5	530	223	2	4	532	2	530	2.28e-224	629
JODNMC_00197	iYO844.BSU37150	54.8	535	240	2	5	538	2	535	6.87e-219	615
JODNMC_00197	iJN1463.PP_1610	56.0	541	223	5	5	534	2	538	4.48e-209	591
JODNMC_00197	iYS854.USA300HOU_RS11480	53.3	535	249	1	5	538	2	536	5.93e-208	588
JODNMC_00197	iAF987.Gmet_1276	55.2	536	234	5	5	538	3	534	1.28e-207	587
JODNMC_00198	iSynCJ816.SGL_RS16185	31.6	155	84	6	49	200	159	294	3.70e-14	70.1
JODNMC_00199	iCN900.CD630_23210	45.5	246	132	2	1	246	63	306	1.90e-69	215
JODNMC_00199	iCN900.CD630_34590	43.4	242	135	2	1	242	65	304	1.08e-64	203
JODNMC_00199	iHN637.CLJU_RS01500	45.6	237	126	3	7	242	72	306	1.38e-62	198
JODNMC_00199	iAF987.Gmet_0552	41.0	251	145	3	1	250	66	314	4.00e-62	197
JODNMC_00205	STM_v1_0.STM3002	31.0	287	154	12	12	267	12	285	5.55e-36	129
JODNMC_00208	iHN637.CLJU_RS09955	27.3	256	142	8	7	252	114	335	7.18e-12	67.0
JODNMC_00208	iCN900.CD630_32580	30.8	172	102	6	62	219	153	321	9.81e-11	63.5
JODNMC_00213	iSynCJ816.SGL_RS16015	43.3	252	136	4	1	246	22	272	2.27e-65	204
JODNMC_00213	iSynCJ816.SGL_RS14865	44.2	233	128	2	8	239	12	243	1.36e-64	201
JODNMC_00216	iCN900.CD630_36160	34.8	224	136	2	1	220	242	459	2.00e-36	133
JODNMC_00218	iLB1027_lipid.PHATRDRAFT_22187	51.3	964	436	10	6	948	37	988	0.0	958
JODNMC_00218	iMM1415.104174	50.4	955	446	10	6	948	68	1006	0.0	939
JODNMC_00218	iSynCJ816.SGL_RS11955	51.3	958	435	10	6	948	33	973	0.0	935
JODNMC_00218	iPC815.YPO0905	50.3	955	458	9	2	950	10	953	0.0	924
JODNMC_00218	STM_v1_0.STM3053	51.4	960	430	11	6	950	14	951	0.0	922
JODNMC_00218	iYL1228.KPN_03339	51.8	950	441	11	6	950	14	951	0.0	917
JODNMC_00218	iJN1463.PP_0988	50.8	949	445	8	4	947	9	940	0.0	915
JODNMC_00218	iSDY_1059.SDY_3178	50.9	960	434	12	6	950	14	951	0.0	913
JODNMC_00218	iML1515.b2903	50.9	960	434	12	6	950	14	951	0.0	913
JODNMC_00218	iSSON_1240.SSON_3056	51.2	950	447	11	6	950	14	951	0.0	912
JODNMC_00218	iSbBS512_1146.SbBS512_E3324	51.1	950	448	11	6	950	14	951	0.0	912
JODNMC_00218	iSF_1195.SF2889	51.2	950	447	11	6	950	14	951	0.0	910
JODNMC_00218	iMM904.YMR189W	51.0	978	422	19	6	948	67	1022	0.0	910
JODNMC_00218	iJN1463.PP_5192	50.4	961	440	13	4	950	14	951	4.04e-319	903
JODNMC_00218	iEK1008.Rv1832	49.4	959	437	11	6	948	7	933	1.74e-311	883
JODNMC_00219	iAF987.Gmet_3213	35.6	343	198	5	6	343	3	327	3.51e-58	191
JODNMC_00219	iYO844.BSU05900	32.2	339	210	7	9	342	1	324	1.49e-51	173
JODNMC_00220	iML1515.b4173	29.7	172	108	4	166	331	200	364	7.78e-11	62.4
JODNMC_00221	iAF987.Gmet_0043	25.1	231	160	5	87	309	41	266	1.23e-14	73.9
JODNMC_00223	iCN718.ABAYE_RS16485	67.5	280	75	3	1	264	1	280	1.48e-135	383
JODNMC_00223	iML1515.b2827	66.7	264	88	0	1	264	1	264	2.41e-135	382
JODNMC_00223	iSSON_1240.SSON_2984	66.7	264	88	0	1	264	1	264	2.41e-135	382
JODNMC_00223	iSF_1195.SF2837	66.3	264	89	0	1	264	1	264	3.43e-135	381
JODNMC_00223	iSDY_1059.SDY_3044	66.3	264	89	0	1	264	1	264	1.98e-134	379
JODNMC_00223	iYL1228.KPN_03236	66.7	264	88	0	1	264	1	264	2.81e-134	379
JODNMC_00223	iSbBS512_1146.SbBS512_E3035	66.3	264	89	0	1	264	1	264	3.98e-134	379
JODNMC_00223	STM_v1_0.STM3001	65.5	264	91	0	1	264	1	264	1.88e-132	374
JODNMC_00223	iYO844.BSU21820	64.8	264	93	0	1	264	1	264	1.20e-128	365
JODNMC_00223	iPC815.YPO0783	64.8	264	93	0	1	264	1	264	2.41e-128	364
JODNMC_00223	iEK1008.Rv2764c	61.7	264	100	1	1	264	1	263	3.28e-121	346
JODNMC_00224	iYO844.BSU21810	39.9	138	80	2	18	155	3	137	5.63e-30	107
JODNMC_00224	iYS854.USA300HOU_RS07290	39.7	136	76	3	18	153	4	133	7.00e-29	104
JODNMC_00224	iAF987.Gmet_2947	40.1	137	77	2	18	150	4	139	5.86e-28	102
JODNMC_00225	iCN900.CD630_19930	39.8	113	63	3	1	112	1	109	6.45e-22	82.8
JODNMC_00228	iAF987.Gmet_2349	37.0	486	302	3	134	619	88	569	2.21e-107	335
JODNMC_00231	iYL1228.KPN_02758	39.8	674	374	8	13	672	11	666	1.46e-157	469
JODNMC_00231	iSSON_1240.SSON_2500	40.2	674	371	8	13	672	11	666	1.46e-157	469
JODNMC_00231	iML1515.b2411	40.2	674	371	8	13	672	11	666	2.06e-157	469
JODNMC_00231	iSF_1195.SF2466	40.4	674	370	8	13	672	11	666	2.06e-157	469
JODNMC_00231	iSDY_1059.SDY_2608	40.1	674	372	8	13	672	11	666	1.64e-156	467
JODNMC_00231	STM_v1_0.STM2427	39.9	674	373	8	13	672	11	666	6.51e-156	465
JODNMC_00231	iYS854.USA300HOU_RS10340	39.4	677	379	9	8	674	6	661	1.58e-149	449
JODNMC_00233	iYO844.BSU10270	39.4	279	162	4	7	281	235	510	7.67e-57	190
JODNMC_00233	iYO844.BSU28560	36.5	288	178	3	3	286	271	557	1.83e-56	190
JODNMC_00233	iYO844.BSU18250	34.8	287	180	4	1	280	251	537	1.33e-50	174
JODNMC_00233	STM_v1_0.STM1818	37.6	263	157	4	22	280	292	551	3.12e-50	173
JODNMC_00233	iML1515.b1805	37.6	263	157	4	22	280	292	551	8.42e-50	172
JODNMC_00233	iSbBS512_1146.SbBS512_E2065	37.6	263	157	4	22	280	292	551	8.42e-50	172
JODNMC_00233	iSDY_1059.SDY_1709	37.6	263	157	4	22	280	292	551	8.42e-50	172
JODNMC_00233	iSF_1195.SF1423	37.6	263	157	4	22	280	314	573	1.16e-49	172
JODNMC_00233	iYL1228.KPN_02322	37.6	263	157	4	22	280	303	562	2.67e-49	171
JODNMC_00234	iAF987.Gmet_3529	27.7	282	180	7	23	296	23	288	5.03e-22	95.5
JODNMC_00236	iYS854.USA300HOU_RS09175	47.9	426	205	7	4	426	6	417	7.08e-132	385
JODNMC_00236	iNF517.LLMG_RS02055	44.2	428	226	5	1	426	1	417	6.39e-122	360
JODNMC_00236	iSbBS512_1146.SbBS512_E1829	44.3	427	226	5	2	426	5	421	3.14e-118	351
JODNMC_00236	iSSON_1240.SSON_1519	44.3	427	226	5	2	426	5	421	3.14e-118	351
JODNMC_00236	iSDY_1059.SDY_1860	44.3	427	226	5	2	426	5	421	4.44e-118	350
JODNMC_00236	STM_v1_0.STM1449	43.8	427	228	5	2	426	5	421	7.14e-117	347
JODNMC_00237	iAF692.Mbar_A2180	51.9	497	229	4	9	501	13	503	2.94e-174	499
JODNMC_00240	iAF987.Gmet_1914	23.7	135	98	1	5	134	3	137	1.66e-09	59.7
JODNMC_00247	iAF692.Mbar_A0057	33.2	190	116	3	2	185	8	192	5.35e-34	119
JODNMC_00248	iAF692.Mbar_A0058	40.4	537	285	13	8	521	7	531	1.37e-109	338
JODNMC_00248	iAF987.Gmet_1827	40.5	538	271	15	5	521	2	511	7.82e-108	333
JODNMC_00256	iML1515.b3590	30.1	249	160	9	101	342	2	243	1.72e-14	76.3
JODNMC_00256	iCN900.CD630_24930	29.6	213	140	6	98	304	2	210	3.06e-14	75.5
JODNMC_00259	iCN900.CD630_34680	67.1	434	112	3	1	434	59	461	5.44e-199	558
JODNMC_00259	iAF987.Gmet_3406	66.6	437	115	3	1	437	64	469	4.47e-197	553
JODNMC_00259	iAM_Pc455.PCYB_146140	65.6	433	132	3	1	433	88	503	6.19e-195	550
JODNMC_00259	iAM_Pf480.PF3D7_1235700	65.8	433	131	2	1	433	112	527	2.01e-194	549
JODNMC_00259	iAM_Pb448.PBANKA_145030	64.9	433	135	2	1	433	111	526	2.67e-194	549
JODNMC_00259	iMM904.YJR121W	65.0	437	127	2	1	437	97	507	1.25e-194	549
JODNMC_00259	iAT_PLT_636.506	65.9	437	124	3	1	437	113	524	1.89e-193	546
JODNMC_00259	iMM1415.11947	65.9	437	124	3	1	437	113	524	1.89e-193	546
JODNMC_00259	iCHOv1.100763024	65.7	437	125	3	1	437	118	529	6.40e-193	545
JODNMC_00259	iAM_Pv461.PVX_100735	65.1	433	134	3	1	433	124	539	9.99e-193	545
JODNMC_00259	iLJ478.TM1610	64.4	436	124	2	1	436	62	466	1.30e-193	545
JODNMC_00259	iHN637.CLJU_RS01190	64.9	436	121	2	1	436	58	461	1.50e-191	539
JODNMC_00259	iSynCJ816.SGL_RS09705	64.4	436	131	2	1	436	69	480	9.64e-190	535
JODNMC_00259	iYO844.BSU36810	64.1	437	125	3	1	436	64	469	1.11e-188	532
JODNMC_00259	iLB1027_lipid.PHATRDRAFT_54086	63.6	437	135	4	1	433	80	496	2.95e-188	532
JODNMC_00259	iNF517.LLMG_RS09735	63.4	437	128	4	1	436	62	467	1.72e-184	521
JODNMC_00259	iYS854.USA300HOU_RS11360	62.5	435	131	4	1	434	61	464	2.06e-183	519
JODNMC_00259	iIT341.HP1132	59.6	438	146	3	1	438	62	468	1.32e-181	514
JODNMC_00259	iPC815.YPO4121	62.4	436	132	3	1	436	57	460	1.82e-179	508
JODNMC_00259	iML1515.b3732	62.2	436	133	2	1	436	57	460	3.65e-179	508
JODNMC_00259	iSbBS512_1146.SbBS512_E4189	62.2	436	133	2	1	436	57	460	3.65e-179	508
JODNMC_00259	iSDY_1059.SDY_4016	62.2	436	133	2	1	436	57	460	3.65e-179	508
JODNMC_00259	iSF_1195.SF3812	62.2	436	133	2	1	436	57	460	3.65e-179	508
JODNMC_00259	iSSON_1240.SSON_3887	62.2	436	133	2	1	436	57	460	3.65e-179	508
JODNMC_00259	STM_v1_0.STM3865	61.9	436	134	2	1	436	57	460	1.04e-178	506
JODNMC_00259	iYL1228.KPN_04137	61.7	436	135	2	1	436	57	460	4.21e-178	505
JODNMC_00260	iSynCJ816.SGL_RS09710	32.9	79	53	0	1	79	1	79	1.31e-13	60.8
JODNMC_00260	iAF987.Gmet_3405	37.3	75	47	0	5	79	7	81	1.19e-11	55.8
JODNMC_00261	iCN900.CD630_18350	37.7	355	185	4	1	319	1	355	1.34e-72	228
JODNMC_00261	iHN637.CLJU_RS14375	36.4	357	189	6	1	319	1	357	1.20e-67	215
JODNMC_00270	iMM1415.11431	32.3	124	79	4	4	124	10	131	1.96e-13	63.5
JODNMC_00270	iCHOv1.100773599	32.3	124	79	4	4	124	10	131	3.84e-13	62.8
JODNMC_00275	iCN718.ABAYE_RS18875	35.3	561	342	8	48	601	54	600	2.09e-101	321
JODNMC_00275	iJN1463.PP_1805	33.7	579	336	11	16	557	47	614	2.49e-91	296
JODNMC_00276	iCHOv1.100774394	49.4	83	41	1	20	101	37	119	4.66e-16	72.0
JODNMC_00276	iMM1415.236539	49.4	83	41	1	20	101	37	119	4.66e-16	72.0
JODNMC_00276	iLJ478.TM1401	40.9	93	54	1	11	102	25	117	1.36e-15	70.1
JODNMC_00276	iAF692.Mbar_A1431	44.0	84	46	1	20	102	30	113	1.04e-14	68.2
JODNMC_00276	iHN637.CLJU_RS01885	42.0	81	47	0	21	101	37	117	1.38e-14	67.4
JODNMC_00276	iEK1008.Rv2996c	44.0	75	41	1	28	101	41	115	2.65e-14	67.0
JODNMC_00276	iCN900.CD630_09950	38.2	102	55	2	6	101	17	116	2.58e-14	66.6
JODNMC_00277	iLJ478.TM0327	29.5	193	121	2	9	193	127	312	6.43e-23	93.2
JODNMC_00285	iCHOv1.100750757	22.9	249	165	8	1	228	120	362	4.04e-11	65.9
JODNMC_00285	iCHOv1.100760661	23.7	249	161	10	4	228	123	366	4.73e-09	59.3
JODNMC_00295	iML1515.b3248	35.9	181	114	2	17	196	6	185	1.61e-24	95.1
JODNMC_00295	iJN1463.PP_0936	36.5	170	106	2	17	185	6	174	3.92e-23	91.7
JODNMC_00302	iNF517.LLMG_RS05980	47.3	336	173	3	4	337	3	336	7.60e-102	303
JODNMC_00302	iJN1463.PP_3511	46.0	339	177	5	1	337	1	335	4.05e-96	288
JODNMC_00302	iIT341.HP1468	48.4	335	165	5	6	337	7	336	2.38e-95	286
JODNMC_00303	iHN637.CLJU_RS01030	29.8	84	54	2	1	79	172	255	2.76e-05	40.8
JODNMC_00308	iCN900.CD630_10600	42.2	116	50	2	7	122	202	300	6.45e-20	82.4
JODNMC_00308	iYS854.USA300HOU_RS06015	40.4	114	51	2	9	122	205	301	6.83e-20	82.4
JODNMC_00308	STM_v1_0.STM2662	40.4	114	64	2	10	123	205	314	6.04e-19	80.1
JODNMC_00308	iCN900.CD630_25960	39.5	114	53	1	9	122	206	303	6.70e-19	79.7
JODNMC_00308	iSDY_1059.SDY_2837	42.1	114	62	2	10	123	205	314	8.36e-19	79.7
JODNMC_00308	iSF_1195.SF2653	42.1	114	62	2	10	123	205	314	1.16e-18	79.3
JODNMC_00308	iSSON_1240.SSON_2720	42.1	114	62	2	10	123	205	314	1.16e-18	79.3
JODNMC_00308	iSbBS512_1146.SbBS512_E2975	42.1	114	62	2	10	123	205	314	1.60e-18	79.0
JODNMC_00309	iCN900.CD630_12610	34.2	564	313	9	3	564	152	659	1.43e-98	320
JODNMC_00310	iYS854.USA300HOU_RS08615	39.1	723	414	15	14	716	157	873	2.82e-151	461
JODNMC_00310	iSF_1195.SF2720	40.6	722	401	17	13	720	168	875	2.19e-150	459
JODNMC_00310	iSSON_1240.SSON_2841	40.4	721	404	15	13	720	168	875	2.19e-150	459
JODNMC_00310	iSDY_1059.SDY_2893	40.4	721	404	15	13	720	168	875	4.34e-150	458
JODNMC_00310	iSbBS512_1146.SbBS512_E3180	40.4	721	404	15	13	720	168	875	6.11e-150	458
JODNMC_00310	iAF987.Gmet_0201	38.3	739	417	15	1	712	145	871	1.21e-149	457
JODNMC_00310	iLJ478.TM1396	38.4	739	413	20	1	716	143	862	1.20e-149	457
JODNMC_00310	iYL1228.KPN_03029	40.2	721	405	16	13	720	168	875	1.81e-148	454
JODNMC_00310	STM_v1_0.STM2827	40.2	721	405	15	13	720	168	875	1.58e-146	449
JODNMC_00310	iCN718.ABAYE_RS13005	41.3	715	382	16	13	705	166	864	3.29e-146	448
JODNMC_00310	iJN1463.PP_4474	40.3	699	394	11	13	699	166	853	2.50e-144	443
JODNMC_00310	iPC815.YPO3305	38.6	725	411	17	13	720	168	875	3.61e-144	443
JODNMC_00310	iCN900.CD630_12820	36.6	746	436	17	2	721	145	879	3.96e-140	432
JODNMC_00310	iMM904.YOR335C	40.6	613	307	12	1	563	165	770	1.65e-137	428
JODNMC_00310	iNF517.LLMG_RS09540	36.7	735	422	21	5	712	149	867	8.97e-136	421
JODNMC_00311	iIS312.TCDM_08637	59.0	117	43	1	8	119	9	125	3.95e-44	152
JODNMC_00311	iYL1228.KPN_03029	60.3	116	46	0	1	116	1	116	9.84e-44	151
JODNMC_00311	STM_v1_0.STM2827	60.3	116	46	0	1	116	1	116	9.85e-44	151
JODNMC_00311	iPC815.YPO3305	60.3	116	46	0	1	116	1	116	9.84e-44	151
JODNMC_00311	iSbBS512_1146.SbBS512_E3180	60.3	116	46	0	1	116	1	116	1.35e-43	150
JODNMC_00311	iSDY_1059.SDY_2893	60.3	116	46	0	1	116	1	116	1.35e-43	150
JODNMC_00311	iSF_1195.SF2720	60.3	116	46	0	1	116	1	116	1.35e-43	150
JODNMC_00311	iSSON_1240.SSON_2841	60.3	116	46	0	1	116	1	116	1.35e-43	150
JODNMC_00311	iMM904.YOR335C	58.7	121	45	1	4	119	10	130	6.68e-43	149
JODNMC_00311	iAF987.Gmet_0201	60.0	115	46	0	3	117	1	115	7.77e-42	145
JODNMC_00311	iCN718.ABAYE_RS13005	60.5	114	45	0	3	116	1	114	3.69e-41	144
JODNMC_00311	iJN1463.PP_4474	60.5	114	45	0	3	116	1	114	1.28e-40	142
JODNMC_00311	iLB1027_lipid.PHATRDRAFT_15186	55.3	123	48	2	4	119	9	131	4.00e-39	138
JODNMC_00319	iYS854.USA300HOU_RS11570	33.0	297	185	6	6	299	2	287	6.15e-47	160
JODNMC_00319	iCN900.CD630_24910	28.3	325	214	6	6	324	3	314	4.09e-44	153
JODNMC_00319	iYO844.BSU12020	29.2	315	209	5	3	314	2	305	1.16e-43	152
JODNMC_00319	iNF517.LLMG_RS08975	30.6	310	199	8	16	321	14	311	3.20e-43	150
JODNMC_00319	iLJ478.TM0736	36.0	228	117	6	11	238	7	205	1.78e-43	150
JODNMC_00319	iHN637.CLJU_RS19425	30.4	332	202	8	4	327	1	311	6.33e-42	147
JODNMC_00322	iEK1008.Rv3032	20.6	199	120	4	223	416	220	385	4.43e-04	42.0
JODNMC_00323	iAF692.Mbar_A0035	30.2	106	70	2	1	103	201	305	3.66e-14	66.2
JODNMC_00323	iAF692.Mbar_A0037	30.5	105	69	2	1	102	42	145	5.00e-15	66.2
JODNMC_00325	iAF987.Gmet_0885	31.6	294	192	4	3	296	6	290	1.11e-44	154
JODNMC_00325	iPC815.YPO2421	31.0	319	209	5	3	317	10	321	9.72e-43	149
JODNMC_00325	iML1515.b2254	32.0	319	206	5	3	317	10	321	1.81e-41	146
JODNMC_00325	iSF_1195.SF2333	32.0	319	206	5	3	317	10	321	1.81e-41	146
JODNMC_00325	iSSON_1240.SSON_2315	32.0	319	206	5	3	317	10	321	1.81e-41	146
JODNMC_00325	STM_v1_0.STM2298	31.9	295	193	4	3	296	10	297	5.90e-40	142
JODNMC_00325	iYL1228.KPN_03846	31.2	295	195	4	3	296	10	297	1.62e-39	141
JODNMC_00327	iYS854.USA300HOU_RS01050	40.2	530	283	9	21	546	24	523	1.16e-111	342
JODNMC_00327	iJN1463.PP_4150	38.2	537	297	9	16	547	21	527	1.70e-105	326
JODNMC_00327	STM_v1_0.STM0848	37.0	538	321	8	21	545	32	564	3.59e-101	318
JODNMC_00327	iML1515.b0829	36.0	553	337	7	7	545	15	564	8.37e-99	311
JODNMC_00327	iSDY_1059.SDY_0758	35.6	553	339	7	7	545	4	553	2.46e-98	310
JODNMC_00327	iSSON_1240.SSON_0811	35.8	553	338	7	7	545	4	553	3.46e-98	310
JODNMC_00327	iML1515.b2180	36.1	545	316	8	7	545	8	526	5.20e-99	309
JODNMC_00327	iSbBS512_1146.SbBS512_E2519	36.2	556	332	9	7	545	15	564	9.07e-98	309
JODNMC_00330	iSynCJ816.SGL_RS07775	33.5	340	112	3	1	340	170	395	7.46e-48	166
JODNMC_00331	iML1515.b0957	46.2	93	48	2	334	424	217	309	1.19e-14	75.1
JODNMC_00331	iSbBS512_1146.SbBS512_E2359	46.2	93	48	2	334	424	217	309	1.19e-14	75.1
JODNMC_00331	iSDY_1059.SDY_0930	46.2	93	48	2	334	424	221	313	1.23e-14	75.1
JODNMC_00331	iSF_1195.SF0957	46.2	93	48	2	334	424	219	311	1.21e-14	75.1
JODNMC_00331	iSSON_1240.SSON_0961	46.2	93	48	2	334	424	217	309	1.19e-14	75.1
JODNMC_00331	iAF987.Gmet_2727	35.0	117	75	1	327	443	282	397	3.06e-14	74.3
JODNMC_00331	iYL1228.KPN_00986	43.0	93	51	2	334	424	227	319	4.14e-14	73.6
JODNMC_00335	iSDY_1059.SDY_0310	45.4	280	142	4	2	278	336	607	2.18e-78	249
JODNMC_00335	iSF_1195.SF0357	45.4	280	142	4	2	278	336	607	2.18e-78	249
JODNMC_00335	STM_v1_0.STM0422	46.1	284	142	4	2	282	336	611	3.07e-78	249
JODNMC_00335	iML1515.b0420	45.4	280	142	4	2	278	336	607	4.31e-78	248
JODNMC_00335	iSbBS512_1146.SbBS512_E0341	45.4	280	142	4	2	278	336	607	4.31e-78	248
JODNMC_00335	iSSON_1240.SSON_0397	45.0	280	143	4	2	278	336	607	1.19e-77	247
JODNMC_00335	iPC815.YPO3177	44.0	282	150	4	2	282	336	610	1.77e-76	244
JODNMC_00335	iYL1228.KPN_00372	43.3	284	150	4	2	282	336	611	1.06e-74	239
JODNMC_00335	iYO844.BSU24270	42.0	283	162	2	2	282	333	615	5.68e-73	235
JODNMC_00335	iCN718.ABAYE_RS02420	40.1	299	171	4	2	293	333	630	2.38e-71	231
JODNMC_00335	iJN1463.PP_0527	43.5	271	146	3	2	271	343	607	2.24e-71	231
JODNMC_00335	iCN900.CD630_12070	43.2	271	151	3	2	271	332	600	1.96e-70	228
JODNMC_00335	iAF987.Gmet_1934	42.4	288	163	3	2	287	334	620	1.14e-69	226
JODNMC_00336	iYS854.USA300HOU_RS04580	47.0	281	144	3	4	279	6	286	1.85e-88	265
JODNMC_00336	iAM_Pb448.PBANKA_135750	47.4	274	138	4	8	275	161	434	4.07e-83	256
JODNMC_00336	iAM_Pc455.PCYB_121910	47.4	274	138	4	8	275	109	382	1.61e-83	256
JODNMC_00336	iAM_Pf480.PF3D7_1344600	46.7	274	140	4	8	275	122	395	3.03e-83	255
JODNMC_00336	iAM_Pv461.PVX_083125	47.1	274	139	4	8	275	146	419	1.82e-82	254
JODNMC_00336	iSbBS512_1146.SbBS512_E0542	47.4	285	142	5	1	278	29	312	7.38e-84	254
JODNMC_00336	iML1515.b0628	47.9	282	139	5	4	278	32	312	1.05e-83	253
JODNMC_00336	iSDY_1059.SDY_0550	47.9	282	139	5	4	278	32	312	1.05e-83	253
JODNMC_00336	iSF_1195.SF0653	47.9	282	139	5	4	278	32	312	1.05e-83	253
JODNMC_00336	iSSON_1240.SSON_0582	47.9	282	139	5	4	278	32	312	1.05e-83	253
JODNMC_00336	iLB1027_lipid.PHATRDRAFT_18029	43.3	300	146	6	5	280	83	382	1.47e-77	240
JODNMC_00344	iAM_Pv461.PVX_092685	24.8	206	142	5	5	200	5	207	1.99e-13	67.4
JODNMC_00344	iAM_Pf480.PF3D7_1141600	23.2	207	146	4	4	200	23	226	4.66e-13	66.6
JODNMC_00344	iCHOv1.100689420	27.4	208	132	7	6	200	32	233	3.25e-12	64.3
JODNMC_00349	iLB1027_lipid.PHATRDRAFT_32202	47.7	220	107	3	1	212	263	482	6.86e-62	202
JODNMC_00349	iAF692.Mbar_A1667	48.8	213	108	1	1	212	302	514	3.85e-60	199
JODNMC_00349	iML1515.b4129	42.3	215	122	2	1	213	291	505	7.45e-57	190
JODNMC_00349	iCN900.CD630_35520	44.3	210	116	1	1	209	287	496	4.35e-56	188
JODNMC_00349	iYL1228.KPN_03318	41.9	217	120	2	1	213	291	505	4.02e-56	188
JODNMC_00349	iYL1228.KPN_00502	41.0	217	122	2	1	213	291	505	5.63e-56	187
JODNMC_00349	iJN1463.PP_1496	44.9	216	113	2	1	212	286	499	1.97e-55	186
JODNMC_00349	iSbBS512_1146.SbBS512_E3309	42.7	213	120	2	1	211	291	503	2.17e-55	186
JODNMC_00349	iSDY_1059.SDY_3192	42.7	213	120	2	1	211	291	503	2.17e-55	186
JODNMC_00349	iSF_1195.SF2876	42.7	213	120	2	1	211	291	503	2.17e-55	186
JODNMC_00349	iSSON_1240.SSON_3043	42.7	213	120	2	1	211	291	503	2.17e-55	186
JODNMC_00349	iSynCJ816.SGL_RS06545	48.3	209	106	2	1	207	291	499	3.34e-55	186
JODNMC_00349	iAF987.Gmet_2360	43.5	214	120	1	1	213	278	491	3.42e-54	182
JODNMC_00349	STM_v1_0.STM3040	41.8	213	122	2	1	211	291	503	4.48e-54	182
JODNMC_00350	iLJ478.TM0689	45.9	255	136	2	2	256	402	654	8.10e-73	234
JODNMC_00350	iHN637.CLJU_RS19265	44.2	249	137	1	1	249	1	247	1.80e-71	219
JODNMC_00350	iCN900.CD630_31720	41.8	249	142	2	1	249	1	246	3.23e-69	213
JODNMC_00351	iCN900.CD630_20200	46.8	713	299	6	138	783	165	864	9.28e-203	597
JODNMC_00354	iAM_Pf480.PF3D7_1020400	38.3	47	29	0	103	149	492	538	9.14e-04	40.8
JODNMC_00360	iSSON_1240.SSON_0310	48.4	281	139	4	11	287	37	315	1.20e-80	246
JODNMC_00360	iHN637.CLJU_RS04585	47.8	274	139	3	6	278	30	300	4.50e-79	242
JODNMC_00360	iHN637.CLJU_RS13830	45.0	280	151	3	1	278	26	304	5.47e-79	241
JODNMC_00360	iHN637.CLJU_RS11705	50.6	255	122	3	6	260	33	283	3.10e-78	239
JODNMC_00360	iYS854.USA300HOU_RS05865	46.5	286	146	5	7	287	27	310	2.58e-78	239
JODNMC_00360	iNF517.LLMG_RS11575	47.2	286	142	7	7	286	31	313	2.34e-77	237
JODNMC_00360	iNF517.LLMG_RS11580	46.2	273	143	4	7	277	31	301	9.39e-77	236
JODNMC_00360	iYS854.USA300HOU_RS00305	47.1	280	143	5	7	284	27	303	4.57e-76	234
JODNMC_00360	iSSON_1240.SSON_3025	46.4	274	142	4	7	278	28	298	7.57e-75	231
JODNMC_00360	iYS854.USA300HOU_RS14305	45.6	263	139	4	9	270	33	292	3.01e-72	224
JODNMC_00361	iHN637.CLJU_RS05570	48.7	435	216	5	1	433	1	430	1.09e-125	372
JODNMC_00362	iHN637.CLJU_RS05595	34.5	267	169	3	1	265	1	263	6.20e-50	166
JODNMC_00363	iYL1228.KPN_00682	29.1	182	122	3	340	516	310	489	1.63e-16	82.0
JODNMC_00363	iML1515.b0657	28.0	182	124	3	340	516	310	489	3.52e-14	74.7
JODNMC_00363	iSDY_1059.SDY_0593	28.0	182	124	3	340	516	310	489	3.52e-14	74.7
JODNMC_00363	iSSON_1240.SSON_0611	28.6	182	123	3	340	516	310	489	3.52e-14	74.7
JODNMC_00363	iSbBS512_1146.SbBS512_E0590	28.0	182	124	3	340	516	310	489	4.66e-14	74.3
JODNMC_00363	iPC815.YPO2616	30.2	159	109	2	358	516	334	490	4.70e-14	74.3
JODNMC_00365	iAF987.Gmet_1593	52.4	143	66	1	4	144	6	148	2.10e-48	152
JODNMC_00365	iHN637.CLJU_RS04975	50.3	143	68	2	2	143	1	141	1.70e-46	147
JODNMC_00367	iLJ478.TM1612	65.1	435	128	4	1	435	52	462	4.30e-191	540
JODNMC_00367	iHN637.CLJU_RS01180	63.2	435	135	5	1	435	52	461	2.62e-180	512
JODNMC_00367	iMM1415.11946	62.6	438	141	5	1	435	95	512	7.89e-179	510
JODNMC_00367	iAF987.Gmet_3408	62.3	432	137	6	1	431	52	458	2.06e-179	510
JODNMC_00367	iIT341.HP1134	61.8	432	140	5	1	432	53	459	1.18e-178	508
JODNMC_00367	iCHOv1.100770431	61.9	441	142	6	1	435	95	515	2.65e-175	501
JODNMC_00367	iYO844.BSU36830	59.2	439	154	4	1	439	52	465	1.87e-172	492
JODNMC_00367	iEK1008.Rv1308	58.7	438	158	5	1	435	55	472	9.04e-172	492
JODNMC_00369	iAF987.Gmet_3407	39.1	289	172	3	1	287	1	287	3.70e-61	195
JODNMC_00372	iCN900.CD630_20200	52.8	513	230	3	1	510	355	858	3.55e-167	494
JODNMC_00373	iAF987.Gmet_3509	24.7	854	574	17	1	822	209	1025	3.98e-60	221
JODNMC_00373	iSF_1195.SF2512	23.1	834	614	11	4	821	203	1025	4.15e-55	206
JODNMC_00373	iML1515.b2470	23.1	834	614	11	4	821	203	1025	1.80e-54	204
JODNMC_00373	iSSON_1240.SSON_2550	23.1	834	614	11	4	821	203	1025	2.41e-54	203
JODNMC_00373	iJN1463.PP_0043	24.5	846	593	15	1	819	210	1036	1.47e-53	201
JODNMC_00374	iHN637.CLJU_RS04605	56.6	684	285	9	3	682	491	1166	1.48e-260	751
JODNMC_00374	iCN900.CD630_26820	54.7	695	295	9	3	684	492	1179	5.56e-257	742
JODNMC_00374	iHN637.CLJU_RS14475	52.2	689	315	10	3	685	492	1172	4.50e-240	698
JODNMC_00377	iMM904.YNR050C	34.4	442	271	10	2	430	3	438	1.26e-72	234
JODNMC_00377	iMM1415.30956	31.2	458	268	10	2	432	481	918	1.66e-62	217
JODNMC_00377	iCHOv1.100751161	31.1	460	263	9	2	432	481	915	5.79e-62	215
JODNMC_00378	iMM1415.30956	31.6	95	65	0	8	102	370	464	3.94e-11	57.8
JODNMC_00378	iCHOv1.100751161	31.6	95	65	0	8	102	370	464	1.00e-10	56.6
JODNMC_00383	iAF987.Gmet_1603	51.5	410	197	2	4	413	2	409	3.08e-145	419
JODNMC_00383	iYO844.BSU11340	51.9	416	197	3	1	416	1	413	1.11e-143	415
JODNMC_00383	iCN900.CD630_11840	51.6	411	197	2	4	414	3	411	1.75e-142	412
JODNMC_00383	iSynCJ816.SGL_RS05665	49.0	414	209	2	1	414	4	415	1.07e-139	405
JODNMC_00383	iSSON_1240.SSON_1115	49.5	416	203	5	1	413	1	412	4.46e-138	400
JODNMC_00383	iML1515.b1095	49.5	416	203	5	1	413	1	412	6.31e-138	400
JODNMC_00383	iSF_1195.SF1099	49.5	416	203	5	1	413	1	412	6.31e-138	400
JODNMC_00383	iSDY_1059.SDY_2055	49.5	416	203	5	1	413	1	412	8.95e-138	400
JODNMC_00383	iSbBS512_1146.SbBS512_E2229	49.4	415	205	4	1	413	1	412	1.27e-137	399
JODNMC_00383	iHN637.CLJU_RS20760	47.9	413	212	3	4	416	3	412	3.49e-137	398
JODNMC_00383	iYL1228.KPN_01093	49.5	416	203	5	1	413	1	412	5.11e-137	398
JODNMC_00383	iPC815.YPO1601	48.2	415	210	4	1	413	1	412	1.03e-136	397
JODNMC_00383	iYS854.USA300HOU_RS04880	50.1	411	202	3	4	414	5	412	3.02e-136	396
JODNMC_00383	STM_v1_0.STM1197	49.0	416	205	5	1	413	1	412	8.30e-136	395
JODNMC_00383	iJN1463.PP_1916	48.0	415	212	3	1	414	1	412	7.95e-134	390
JODNMC_00384	iML1515.b1094	68.4	76	24	0	1	76	1	76	9.84e-28	95.1
JODNMC_00384	iYL1228.KPN_01092	68.4	76	24	0	1	76	1	76	9.84e-28	95.1
JODNMC_00384	STM_v1_0.STM1196	68.4	76	24	0	1	76	1	76	9.84e-28	95.1
JODNMC_00384	iSbBS512_1146.SbBS512_E2230	68.4	76	24	0	1	76	1	76	9.84e-28	95.1
JODNMC_00384	iSDY_1059.SDY_2056	68.4	76	24	0	1	76	1	76	9.84e-28	95.1
JODNMC_00384	iSF_1195.SF1098	68.4	76	24	0	1	76	1	76	9.84e-28	95.1
JODNMC_00384	iSSON_1240.SSON_1114	68.4	76	24	0	1	76	1	76	9.84e-28	95.1
JODNMC_00384	iJN1463.PP_1915	65.8	76	26	0	1	76	1	76	1.40e-27	94.7
JODNMC_00384	iPC815.YPO1600	66.7	78	26	0	1	78	1	78	2.82e-27	94.0
JODNMC_00384	iYS854.USA300HOU_RS06195	65.2	69	24	0	6	74	5	73	5.30e-25	88.2
JODNMC_00395	iAT_PLT_636.4905	36.2	221	124	6	54	260	242	459	1.11e-27	117
JODNMC_00395	iMM1415.18195	36.2	221	124	6	54	260	242	459	1.11e-27	117
JODNMC_00398	iCN900.CD630_17920	50.0	120	59	1	1	119	195	314	5.12e-36	125
JODNMC_00398	iCHOv1.100759874	50.4	113	54	2	2	113	161	272	1.00e-35	123
JODNMC_00398	iYS854.USA300HOU_RS02905	50.4	115	56	1	6	119	200	314	3.75e-32	115
JODNMC_00399	iHN637.CLJU_RS06465	33.6	321	195	10	3	319	11	317	1.46e-44	154
JODNMC_00403	iYO844.BSU27600	35.9	724	435	11	34	741	21	731	1.71e-139	427
JODNMC_00403	iCN900.CD630_27440	36.3	727	420	12	40	741	24	732	3.49e-139	426
JODNMC_00403	iHN637.CLJU_RS16615	35.8	729	445	9	25	741	5	722	1.03e-138	425
JODNMC_00403	iAF987.Gmet_2325	36.1	717	424	12	37	741	19	713	2.23e-138	424
JODNMC_00403	iYS854.USA300HOU_RS08695	34.7	758	443	15	4	741	1	726	2.78e-132	408
JODNMC_00403	iNF517.LLMG_RS00605	34.5	739	437	16	31	741	18	737	2.04e-127	396
JODNMC_00403	iSDY_1059.SDY_4082	35.0	717	410	14	41	741	23	699	2.37e-125	389
JODNMC_00403	iML1515.b3650	35.5	712	413	16	41	741	23	699	4.69e-125	389
JODNMC_00403	iSbBS512_1146.SbBS512_E4101	35.5	712	413	16	41	741	23	699	4.69e-125	389
JODNMC_00403	iSF_1195.SF3690	35.5	712	413	16	41	741	23	699	4.69e-125	389
JODNMC_00403	iSSON_1240.SSON_3755	35.5	712	413	16	41	741	23	699	4.69e-125	389
JODNMC_00403	STM_v1_0.STM3742	34.9	722	405	15	41	741	23	700	1.34e-124	387
JODNMC_00403	iYL1228.KPN_03998	35.0	718	413	15	41	741	23	703	2.87e-124	387
JODNMC_00406	iPC815.YPO2193	27.2	81	59	0	63	143	172	252	4.81e-04	38.5
JODNMC_00408	iJN1463.PP_1336	40.2	117	66	2	1	114	247	362	2.92e-17	76.3
JODNMC_00415	iAF692.Mbar_A3140	30.3	89	54	2	12	100	262	342	3.40e-04	37.7
JODNMC_00415	iSynCJ816.SGL_RS12975	50.0	34	17	0	12	45	312	345	8.53e-04	36.6
JODNMC_00416	iYS854.USA300HOU_RS14480	27.0	200	103	8	32	220	78	245	5.12e-05	43.9
JODNMC_00416	iAM_Pb448.PBANKA_090740	29.9	67	42	2	27	88	50	116	3.68e-04	40.8
JODNMC_00416	iAM_Pv461.PVX_092685	30.0	80	47	3	27	97	34	113	4.61e-04	40.4
JODNMC_00419	iHN637.CLJU_RS00920	42.0	598	315	10	1	596	413	980	1.94e-144	446
JODNMC_00420	iCN718.ABAYE_RS12465	36.8	133	80	1	43	171	43	175	1.81e-19	82.8
JODNMC_00421	iIT341.HP0742	49.5	303	152	1	7	308	15	317	2.92e-99	294
JODNMC_00421	iAF987.Gmet_2848	49.2	313	154	3	1	308	1	313	3.12e-95	284
JODNMC_00421	iCN900.CD630_35140	50.0	310	150	3	4	308	7	316	5.68e-91	273
JODNMC_00421	iHN637.CLJU_RS20580	48.9	311	153	3	5	309	8	318	8.13e-89	268
JODNMC_00421	iJN1463.PP_0722	46.1	310	162	3	4	308	3	312	3.83e-88	266
JODNMC_00425	iEK1008.Rv2051c	46.1	232	119	2	10	236	611	841	5.39e-57	194
JODNMC_00426	iAF692.Mbar_A1783	31.3	419	260	11	8	408	8	416	5.02e-56	192
JODNMC_00429	iHN637.CLJU_RS20420	32.1	405	253	9	51	442	63	458	1.72e-54	187
JODNMC_00429	iYO844.BSU15200	34.1	381	233	9	68	439	76	447	2.97e-53	184
JODNMC_00429	iCN900.CD630_26530	30.8	452	280	12	11	439	6	447	3.14e-51	179
JODNMC_00429	iYS854.USA300HOU_RS05945	30.2	441	282	9	10	435	9	438	8.47e-49	172
JODNMC_00430	iYS854.USA300HOU_RS04640	45.7	70	37	1	9	78	11	79	2.28e-15	63.9
JODNMC_00430	iLB1027_lipid.PHATRDRAFT_16693	39.2	74	43	2	4	75	122	195	5.33e-13	60.5
JODNMC_00433	iJN1463.PP_2125	28.1	263	170	8	41	297	53	302	2.57e-12	65.9
JODNMC_00433	iYS854.USA300HOU_RS10305	25.2	274	188	9	7	271	8	273	6.58e-12	64.7
JODNMC_00433	iSynCJ816.SGL_RS16525	25.3	233	148	7	7	221	130	354	3.35e-10	60.1
JODNMC_00434	iYO844.BSU38860	45.8	330	174	3	9	338	3	327	8.74e-90	272
JODNMC_00434	iCN900.CD630_27140	42.7	330	184	3	9	338	3	327	5.98e-87	265
JODNMC_00438	iAF987.Gmet_0988	43.3	134	68	3	9	141	18	144	6.92e-27	97.8
JODNMC_00438	iSynCJ816.SGL_RS14875	38.8	139	73	4	8	141	2	133	4.30e-25	93.2
JODNMC_00440	iAF987.Gmet_0247	51.5	295	135	2	1	293	1	289	6.49e-99	291
JODNMC_00440	iAT_PLT_636.10797	49.8	293	140	3	3	289	39	330	6.44e-98	291
JODNMC_00440	iCHOv1.100770086	49.8	293	140	3	3	289	39	330	7.37e-97	288
JODNMC_00440	iMM1415.17768	49.5	293	141	3	3	289	20	311	2.29e-96	286
JODNMC_00440	iSynCJ816.SGL_RS13155	48.8	291	143	2	3	293	10	294	5.59e-96	284
JODNMC_00440	iML1515.b0529	49.1	285	135	2	2	286	4	278	2.44e-93	277
JODNMC_00440	iSbBS512_1146.SbBS512_E0445	49.1	285	135	2	2	286	4	278	2.44e-93	277
JODNMC_00440	iSF_1195.SF0460	49.1	285	135	2	2	286	4	278	2.44e-93	277
JODNMC_00440	iSSON_1240.SSON_0489	49.1	285	135	2	2	286	4	278	2.44e-93	277
JODNMC_00440	iSDY_1059.SDY_0281	49.1	285	135	2	2	286	4	278	6.96e-93	276
JODNMC_00440	STM_v1_0.STM0542	49.1	285	135	2	2	286	4	278	1.98e-92	275
JODNMC_00440	iPC815.YPO2824	47.1	293	145	3	2	294	4	286	1.98e-92	275
JODNMC_00440	iYO844.BSU24310	48.1	287	138	3	3	289	5	280	1.36e-91	273
JODNMC_00440	iYL1228.KPN_00484	48.1	285	138	3	2	286	4	278	1.60e-91	273
JODNMC_00440	iNF517.LLMG_RS08520	48.3	292	140	4	1	292	1	281	4.14e-91	271
JODNMC_00440	iYS854.USA300HOU_RS05295	49.0	292	138	4	2	293	4	284	5.62e-89	266
JODNMC_00443	iML1515.b2700	45.7	140	75	1	269	407	23	162	6.55e-27	105
JODNMC_00443	iJN1463.PP_1628	39.9	138	83	0	267	404	19	156	3.85e-24	97.4
JODNMC_00444	iCN718.ABAYE_RS06820	27.0	318	181	10	55	361	151	428	6.51e-19	89.0
JODNMC_00444	iSDY_1059.SDY_2511	27.5	327	179	15	48	361	147	428	6.31e-17	82.8
JODNMC_00444	iYL1228.KPN_02702	26.9	331	176	15	48	361	147	428	1.98e-16	81.3
JODNMC_00444	iML1515.b2312	27.2	327	180	15	48	361	147	428	2.64e-16	80.9
JODNMC_00444	iJN1463.PP_2000	27.2	309	170	13	55	351	151	416	2.61e-16	80.9
JODNMC_00444	iSbBS512_1146.SbBS512_E2690	27.2	327	180	15	48	361	147	428	2.64e-16	80.9
JODNMC_00444	iSF_1195.SF2388	27.2	327	180	15	48	361	147	428	2.64e-16	80.9
JODNMC_00444	iSSON_1240.SSON_2370	27.2	327	180	15	48	361	147	428	2.64e-16	80.9
JODNMC_00444	STM_v1_0.STM2362	26.9	327	181	15	48	361	147	428	3.51e-16	80.5
JODNMC_00447	iLJ478.TM1737	58.3	271	110	1	3	270	29	299	2.63e-111	322
JODNMC_00447	iCN900.CD630_12240	54.4	270	123	0	1	270	1	270	5.34e-109	315
JODNMC_00447	iYO844.BSU23490	54.6	269	122	0	1	269	1	269	7.38e-107	310
JODNMC_00447	iHN637.CLJU_RS10190	50.8	266	131	0	5	270	13	278	5.14e-99	290
JODNMC_00454	iCN900.CD630_27420	34.0	209	111	10	2	200	13	204	1.28e-24	95.5
JODNMC_00457	iCN718.ABAYE_RS02010	39.3	163	98	1	263	424	21	183	2.92e-26	104
JODNMC_00457	iLJ478.TM0348	38.0	137	82	3	262	398	2	135	4.04e-24	103
JODNMC_00457	iCN900.CD630_18380	42.0	157	88	3	261	417	7	160	2.85e-25	101
JODNMC_00462	iYL1228.KPN_01978	30.4	250	152	9	2	234	121	365	1.95e-24	99.4
JODNMC_00462	iSF_1195.SF1667	27.5	247	163	7	2	234	121	365	1.84e-24	99.4
JODNMC_00462	iML1515.b1640	27.5	247	163	7	2	234	121	365	3.53e-24	98.6
JODNMC_00462	iSbBS512_1146.SbBS512_E1832	27.5	247	163	7	2	234	121	365	3.53e-24	98.6
JODNMC_00462	iSDY_1059.SDY_1863	27.5	247	163	7	2	234	121	365	3.53e-24	98.6
JODNMC_00462	iSSON_1240.SSON_1516	27.5	247	163	7	2	234	121	365	3.53e-24	98.6
JODNMC_00462	STM_v1_0.STM1446	30.2	248	156	9	1	234	121	365	1.34e-23	97.1
JODNMC_00462	iJN1463.PP_0434	31.4	255	146	8	1	234	115	361	3.17e-23	95.9
JODNMC_00462	iCN900.CD630_30510	32.8	229	129	10	1	207	124	349	3.42e-21	90.5
JODNMC_00464	iEK1008.Rv2455c	49.3	353	177	2	3	355	267	617	2.75e-110	335
JODNMC_00466	iAF987.Gmet_0928	35.3	453	248	12	8	436	169	600	1.07e-77	254
JODNMC_00468	iSynCJ816.SGL_RS10570	31.0	116	78	1	47	160	108	223	1.05e-09	58.2
JODNMC_00471	iAF987.Gmet_1388	33.1	278	179	5	12	286	13	286	4.71e-40	142
JODNMC_00472	iAF987.Gmet_2354	55.3	47	20	1	1	46	58	104	5.10e-09	47.8
JODNMC_00472	iIT341.HP1376	54.0	50	18	2	2	46	66	115	6.05e-08	45.1
JODNMC_00472	iSynCJ816.SGL_RS08755	52.2	46	21	1	1	46	77	121	2.42e-07	43.5
JODNMC_00473	iYS854.USA300HOU_RS03930	26.3	567	281	20	2	561	19	455	2.12e-30	124
JODNMC_00473	iSSON_1240.SSON_3731	22.4	563	285	11	6	561	13	430	1.75e-27	115
JODNMC_00473	iML1515.b3496	22.4	563	285	11	6	561	13	430	5.71e-27	114
JODNMC_00473	iML1515.b1634	21.5	562	287	13	6	561	20	433	8.42e-27	114
JODNMC_00473	iSbBS512_1146.SbBS512_E1824	21.5	562	287	13	6	561	20	433	8.42e-27	114
JODNMC_00473	iSDY_1059.SDY_1857	21.5	562	287	13	6	561	20	433	8.42e-27	114
JODNMC_00473	iSF_1195.SF1659	21.5	562	287	13	6	561	20	433	8.42e-27	114
JODNMC_00473	iSSON_1240.SSON_1524	21.5	562	287	13	6	561	20	433	8.42e-27	114
JODNMC_00475	iSynCJ816.SGL_RS13580	34.4	90	58	1	310	398	292	381	2.37e-04	43.5
JODNMC_00483	iMM904.YOL096C	28.0	132	85	5	65	186	102	233	3.90e-07	50.4
JODNMC_00488	iYO844.BSU33930	29.3	416	253	14	1	410	1	381	4.88e-45	160
JODNMC_00488	iLJ478.TM0689	30.8	422	242	16	1	410	1	384	1.08e-41	155
JODNMC_00488	iLB1027_lipid.PHATRDRAFT_29157	31.6	415	239	17	6	410	49	428	2.35e-40	149
JODNMC_00488	iHN637.CLJU_RS19270	32.0	419	230	19	6	410	8	385	2.05e-40	148
JODNMC_00488	iCN900.CD630_31730	29.3	417	245	18	6	410	9	387	4.07e-39	144
JODNMC_00493	iAF692.Mbar_A1952	26.3	460	202	9	6	333	147	601	1.54e-36	139
JODNMC_00494	iAF692.Mbar_A1954	28.7	327	204	10	18	332	4	313	8.72e-33	124
JODNMC_00495	iAF987.Gmet_2161	36.3	215	119	5	42	246	384	590	1.05e-29	116
JODNMC_00502	iLJ478.TM0717	31.6	114	64	2	1	111	2	104	4.39e-09	51.2
JODNMC_00502	iAT_PLT_636.5095	36.0	89	44	2	22	110	622	697	4.28e-08	50.4
JODNMC_00502	iMM1415.110821	35.9	117	57	5	8	110	581	693	4.28e-08	50.4
JODNMC_00502	iHN637.CLJU_RS18410	35.8	81	42	1	29	109	1043	1113	8.26e-08	49.7
JODNMC_00502	iCHOv1.100765530	35.0	117	58	4	8	110	580	692	1.99e-07	48.5
JODNMC_00502	iCN718.ABAYE_RS02960	45.8	48	26	0	64	111	568	615	4.92e-07	47.4
JODNMC_00504	iCN900.CD630_27390	48.9	583	289	5	3	578	9	589	9.87e-197	563
JODNMC_00504	iAF987.Gmet_1357	48.5	583	291	5	3	578	10	590	7.72e-196	561
JODNMC_00504	iYS854.USA300HOU_RS08675	46.5	585	302	6	3	578	4	586	3.60e-182	526
JODNMC_00504	iJN1463.PP_1213	46.4	590	298	8	1	578	1	584	2.95e-179	518
JODNMC_00504	iLJ478.TM1441	48.3	588	284	10	1	579	1	577	7.96e-179	517
JODNMC_00504	iNF517.LLMG_RS11115	45.7	588	306	6	1	578	1	585	1.05e-176	512
JODNMC_00508	iJN1463.PP_1904	32.7	327	216	2	7	329	21	347	5.05e-59	193
JODNMC_00508	iCN718.ABAYE_RS07990	33.6	330	217	2	1	329	1	329	1.10e-55	184
JODNMC_00508	iYL1228.KPN_04350	33.3	330	216	3	6	333	2	329	3.76e-52	175
JODNMC_00511	iYL1228.KPN_03672	24.1	373	232	11	8	343	9	367	1.62e-14	73.6
JODNMC_00511	iML1515.b3265	25.9	382	231	14	2	343	3	372	4.05e-14	72.4
JODNMC_00511	iSbBS512_1146.SbBS512_E3648	25.7	382	232	14	2	343	3	372	9.81e-14	71.2
JODNMC_00511	iJN1463.PP_3425	23.9	381	233	12	1	343	5	366	1.51e-12	67.8
JODNMC_00513	iML1515.b1856	36.0	125	78	2	59	182	285	408	1.77e-16	76.6
JODNMC_00513	iAF987.Gmet_3012	35.7	115	71	3	60	173	23	135	3.69e-17	75.9
JODNMC_00513	iAF987.Gmet_1854	36.6	123	75	2	60	181	269	389	3.43e-15	72.8
JODNMC_00514	iYO844.BSU31930	37.5	373	226	6	32	402	2	369	1.94e-74	236
JODNMC_00514	iEK1008.Rv2780	34.1	364	238	2	33	396	3	364	2.37e-70	225
JODNMC_00514	iYS854.USA300HOU_RS09065	35.1	368	235	4	33	399	3	367	1.27e-66	216
JODNMC_00515	iAF987.Gmet_1249	21.0	472	269	8	13	474	8	385	6.78e-19	88.2
JODNMC_00517	iLB1027_lipid.PHATRDRAFT_17772	38.4	586	323	13	2	559	731	1306	9.44e-108	350
JODNMC_00517	iCHOv1.100760956	35.5	598	346	12	2	564	742	1334	1.06e-103	340
JODNMC_00517	iMM1415.237823	36.3	603	334	15	2	564	741	1333	5.25e-103	338
JODNMC_00517	iAT_PLT_636.5198	35.0	600	342	13	2	562	742	1332	6.96e-102	335
JODNMC_00520	iCHOv1.100771896	63.5	400	144	1	5	404	39	436	1.58e-184	519
JODNMC_00520	iMM1415.18242	63.3	400	145	1	5	404	39	436	1.58e-184	519
JODNMC_00530	iAF987.Gmet_0264	59.4	298	119	2	9	305	12	308	2.99e-131	375
JODNMC_00542	iIT341.HP1458	53.5	43	19	1	15	56	61	103	3.42e-07	42.7
JODNMC_00543	iML1515.b2918	46.6	290	154	1	42	330	6	295	3.73e-88	268
JODNMC_00543	iCHOv1.100772148	44.4	340	179	2	32	361	77	416	5.45e-84	261
JODNMC_00543	iMM1415.109136	44.5	337	177	2	35	361	75	411	2.65e-83	259
JODNMC_00545	iAF987.Gmet_0685	26.2	470	255	14	113	494	190	655	7.05e-38	147
JODNMC_00545	iAF987.Gmet_2065	23.8	554	321	17	36	494	110	657	6.78e-33	132
JODNMC_00546	iJN1463.PP_0675	64.4	432	153	1	7	437	18	449	1.16e-208	582
JODNMC_00546	iCN718.ABAYE_RS13810	61.5	434	166	1	4	436	28	461	1.76e-194	546
JODNMC_00546	iSbBS512_1146.SbBS512_E2014	57.7	435	184	0	3	437	13	447	9.75e-193	541
JODNMC_00546	iSSON_1240.SSON_1395	57.9	435	183	0	3	437	13	447	9.75e-193	541
JODNMC_00546	iSDY_1059.SDY_1514	57.7	435	184	0	3	437	13	447	1.96e-192	541
JODNMC_00546	iML1515.b1761	57.7	435	184	0	3	437	13	447	2.78e-192	540
JODNMC_00546	iYL1228.KPN_01210	57.2	437	187	0	1	437	11	447	1.13e-191	539
JODNMC_00546	STM_v1_0.STM1299	57.9	435	183	0	3	437	13	447	4.57e-191	537
JODNMC_00546	iPC815.YPO3971	58.2	431	180	0	7	437	17	447	1.64e-186	526
JODNMC_00548	iIS312.TCDM_07701	51.8	357	167	4	1	354	102	456	3.99e-124	364
JODNMC_00548	iYL1228.KPN_01139	48.5	355	181	2	1	354	93	446	3.46e-121	357
JODNMC_00548	iML1515.b1131	48.5	355	181	2	1	354	93	446	1.12e-119	353
JODNMC_00548	iSbBS512_1146.SbBS512_E1309	48.5	355	181	2	1	354	93	446	1.12e-119	353
JODNMC_00548	iSDY_1059.SDY_2021	48.5	355	181	2	1	354	93	446	1.12e-119	353
JODNMC_00548	iSSON_1240.SSON_1149	48.5	355	181	2	1	354	93	446	1.12e-119	353
JODNMC_00548	STM_v1_0.STM1232	50.2	333	165	1	22	354	115	446	2.25e-119	352
JODNMC_00548	iSF_1195.SF1150	48.2	355	182	2	1	354	93	446	1.81e-118	350
JODNMC_00548	iJN1463.PP_4016	50.3	356	174	3	1	354	93	447	3.63e-118	349
JODNMC_00548	iPC815.YPO1636	46.8	355	187	2	1	354	93	446	8.63e-114	338
JODNMC_00548	iCN718.ABAYE_RS05650	48.3	358	179	4	1	354	91	446	3.80e-111	331
JODNMC_00549	iAF987.Gmet_2351	43.9	367	197	5	4	370	3	360	3.35e-97	293
JODNMC_00550	iYS854.USA300HOU_RS07115	39.3	84	44	1	76	159	146	222	2.01e-10	57.8
JODNMC_00551	iAF987.Gmet_1832	35.6	87	54	2	290	374	411	497	2.10e-11	65.5
JODNMC_00551	iML1515.b0957	46.0	87	43	3	291	374	220	305	1.60e-11	65.1
JODNMC_00551	iSbBS512_1146.SbBS512_E2359	46.0	87	43	3	291	374	220	305	1.60e-11	65.1
JODNMC_00551	iSDY_1059.SDY_0930	46.0	87	43	3	291	374	224	309	1.64e-11	65.1
JODNMC_00551	iSF_1195.SF0957	46.0	87	43	3	291	374	222	307	1.62e-11	65.1
JODNMC_00551	iSSON_1240.SSON_0961	46.0	87	43	3	291	374	220	305	1.60e-11	65.1
JODNMC_00551	iYL1228.KPN_00986	40.4	89	45	2	291	374	230	315	1.70e-10	62.0
JODNMC_00553	iCN718.ABAYE_RS19010	29.9	107	68	3	46	145	51	157	3.80e-10	57.8
JODNMC_00553	iHN637.CLJU_RS19845	31.5	149	85	5	9	144	11	155	3.24e-09	55.1
JODNMC_00553	iMM1415.230027	27.3	165	106	3	46	196	148	312	7.87e-09	54.7
JODNMC_00553	iCHOv1.100763494	27.3	165	106	4	46	196	149	313	1.06e-08	54.3
JODNMC_00553	iPC815.YPO1215	27.1	107	66	2	48	145	59	162	1.61e-08	53.1
JODNMC_00554	iYS854.USA300HOU_RS01730	36.9	84	53	0	9	92	180	263	1.37e-12	60.8
JODNMC_00555	iYS854.USA300HOU_RS08725	34.2	240	152	3	1	240	108	341	1.55e-41	144
JODNMC_00555	iJN1463.PP_0832	34.8	207	134	1	33	239	131	336	6.56e-37	132
JODNMC_00556	iHN637.CLJU_RS20335	33.9	233	139	5	3	224	2	230	3.84e-30	111
JODNMC_00556	iCN900.CD630_00470	33.0	218	142	3	8	221	5	222	6.84e-29	108
JODNMC_00559	iYO844.BSU16670	38.9	301	179	4	8	306	14	311	3.48e-63	202
JODNMC_00559	iHN637.CLJU_RS06475	34.8	296	188	4	8	302	10	301	1.21e-59	192
JODNMC_00560	iJN1463.PP_2012	39.6	227	125	4	38	256	85	307	1.88e-47	159
JODNMC_00560	iCN718.ABAYE_RS06435	34.8	224	143	2	38	258	70	293	8.32e-42	144
JODNMC_00566	iAF987.Gmet_2727	39.4	127	70	1	386	505	271	397	3.00e-20	92.4
JODNMC_00566	iAF987.Gmet_1832	40.4	104	60	2	400	501	412	515	2.59e-17	84.3
JODNMC_00567	iAF692.Mbar_A0187	66.3	495	160	2	1	489	316	809	2.06e-213	610
JODNMC_00568	iYS854.USA300HOU_RS09010	48.2	276	131	3	3	275	51	317	9.43e-81	246
JODNMC_00568	iHN637.CLJU_RS01590	47.8	272	137	3	4	275	52	318	4.34e-78	239
JODNMC_00568	iCN900.CD630_33950	46.2	275	141	4	3	276	51	319	4.08e-76	234
JODNMC_00568	iLJ478.TM0209	43.6	273	150	3	3	275	51	319	1.85e-74	229
JODNMC_00568	iYO844.BSU29190	44.4	275	146	4	3	276	51	319	3.37e-72	224
JODNMC_00568	iNF517.LLMG_RS05680	47.6	254	127	3	1	253	49	297	1.25e-71	223
JODNMC_00571	iYS854.USA300HOU_RS13900	27.2	497	342	12	5	486	3	494	1.24e-50	179
JODNMC_00572	iSynCJ816.SGL_RS02095	43.2	292	151	6	1	284	1	285	7.52e-65	204
JODNMC_00572	iHN637.CLJU_RS02740	38.3	295	167	3	4	287	2	292	4.39e-61	195
JODNMC_00574	iJN1463.PP_2469	50.2	323	155	3	17	336	18	337	1.12e-110	325
JODNMC_00574	iCN900.CD630_06990	46.6	324	168	2	16	336	18	339	5.66e-106	313
JODNMC_00574	iHN637.CLJU_RS16970	44.9	343	176	4	1	336	1	337	5.62e-103	305
JODNMC_00574	iAF987.Gmet_1415	47.5	341	171	5	1	336	1	338	5.80e-103	305
JODNMC_00574	iYS854.USA300HOU_RS05690	46.4	330	170	4	16	340	20	347	5.94e-101	301
JODNMC_00574	iYL1228.KPN_02176	48.8	324	149	4	16	336	17	326	2.44e-99	296
JODNMC_00574	iSbBS512_1146.SbBS512_E1956	48.9	323	148	4	17	336	18	326	1.97e-98	293
JODNMC_00575	iAF987.Gmet_2727	41.3	121	64	1	254	367	275	395	9.30e-21	92.4
JODNMC_00577	iLJ478.TM1724	59.7	144	58	0	1	144	101	244	1.00e-55	174
JODNMC_00577	iCN900.CD630_11820	61.0	146	57	0	1	146	103	248	1.55e-55	174
JODNMC_00577	iYO844.BSU15910	54.8	146	66	0	1	146	101	246	3.42e-51	162
JODNMC_00577	iHN637.CLJU_RS20765	57.5	146	62	0	1	146	103	248	8.26e-50	159
JODNMC_00577	iHN637.CLJU_RS17225	52.1	146	70	0	1	146	105	250	4.96e-49	157
JODNMC_00579	iLJ478.TM1410	35.8	123	74	2	194	316	49	166	4.77e-26	105
JODNMC_00585	iLJ478.TM0010	40.0	85	51	0	1	85	438	522	2.45e-16	71.6
JODNMC_00585	iCN900.CD630_34060	41.2	85	50	0	1	85	471	555	4.58e-16	70.9
JODNMC_00585	iAF987.Gmet_3350	38.6	83	51	0	1	83	435	517	1.93e-14	66.2
JODNMC_00585	iLJ478.TM0228	43.8	73	41	0	11	83	442	514	1.92e-14	66.2
JODNMC_00585	iHN637.CLJU_RS07210	40.0	85	51	0	1	85	468	552	2.64e-14	65.9
JODNMC_00585	iLJ478.TM1425	38.8	85	52	0	1	85	469	553	6.73e-14	64.7
JODNMC_00586	iYS854.USA300HOU_RS05150	27.6	127	80	3	17	139	295	413	4.80e-05	43.1
JODNMC_00586	iYS854.USA300HOU_RS02965	26.4	144	96	6	47	189	327	461	4.81e-05	43.1
JODNMC_00586	iYS854.USA300HOU_RS02960	25.4	118	83	4	32	148	307	420	3.75e-04	40.4
JODNMC_00587	iJN1463.PP_1478	42.3	355	186	6	1	337	1	354	6.24e-88	268
JODNMC_00589	iAF692.Mbar_A3023	51.2	391	187	3	1	388	5	394	1.21e-133	387
JODNMC_00595	iEK1008.Rv1492	30.6	409	263	7	165	568	216	608	1.92e-53	191
JODNMC_00596	iCN900.CD630_00520	40.4	497	248	11	5	487	1	463	6.36e-111	336
JODNMC_00596	iNF517.LLMG_RS10195	36.1	487	270	9	5	489	1	448	1.85e-99	306
JODNMC_00596	iAF987.Gmet_0057	36.4	508	275	9	5	489	3	485	2.17e-98	304
JODNMC_00596	iCN718.ABAYE_RS12525	38.1	504	266	13	2	490	1	473	6.07e-98	303
JODNMC_00597	iHN637.CLJU_RS02030	47.6	370	178	5	3	371	37	391	6.38e-107	321
JODNMC_00604	iML1515.b4167	26.3	499	338	9	7	497	21	497	2.92e-45	166
JODNMC_00608	iJN1463.PP_3285	30.0	150	103	2	1	150	1	148	2.87e-18	77.8
JODNMC_00614	iCN718.ABAYE_RS17045	43.9	57	28	1	62	118	425	477	5.85e-05	41.6
JODNMC_00616	iCN900.CD630_00150	59.3	81	33	0	7	87	5	85	5.96e-26	93.6
JODNMC_00616	iAF987.Gmet_3524	48.3	87	45	0	2	88	9	95	2.83e-22	84.7
JODNMC_00618	iAF987.Gmet_1430	56.6	389	163	2	1	383	54	442	7.16e-151	433
JODNMC_00618	iPC815.YPO2174	53.7	387	175	2	1	383	54	440	3.07e-139	404
JODNMC_00621	iAF987.Gmet_2940	60.6	99	37	1	1	99	312	408	1.64e-31	115
JODNMC_00621	iLJ478.TM0272	52.5	99	47	0	1	99	303	401	6.81e-30	110
JODNMC_00621	iIS312.TCDM_00696	54.5	99	45	0	1	99	326	424	2.35e-29	109
JODNMC_00621	iAF692.Mbar_A1396	58.6	99	39	1	1	99	300	396	1.12e-28	107
JODNMC_00621	iCN900.CD630_24100	50.5	99	49	0	1	99	298	396	7.22e-28	105
JODNMC_00621	iHN637.CLJU_RS04010	53.5	99	46	0	1	99	299	397	9.85e-28	104
JODNMC_00622	iHN637.CLJU_RS04010	57.6	439	181	3	1	438	440	874	8.29e-164	483
JODNMC_00622	iCN900.CD630_24100	50.9	436	209	3	4	438	442	873	1.31e-145	436
JODNMC_00622	iLJ478.TM0272	53.1	441	199	5	1	438	444	879	3.05e-145	435
JODNMC_00625	iSynCJ816.SGL_RS14955	34.2	368	228	5	4	365	43	402	3.40e-63	211
JODNMC_00625	iSynCJ816.SGL_RS02645	33.2	371	236	5	2	367	46	409	1.60e-59	201
JODNMC_00625	iAF692.Mbar_A3353	31.9	373	241	6	3	368	35	401	1.63e-58	194
JODNMC_00627	iMM904.YHR106W	47.9	315	150	4	9	313	28	338	3.13e-97	290
JODNMC_00627	iCN718.ABAYE_RS18170	48.3	315	150	5	9	316	7	315	1.99e-97	290
JODNMC_00627	iCN718.ABAYE_RS14635	47.9	315	151	5	9	316	7	315	3.73e-97	289
JODNMC_00627	iMM904.YDR353W	46.9	318	155	4	9	316	5	318	6.02e-97	288
JODNMC_00627	iAF987.Gmet_3070	48.9	315	147	6	9	316	7	314	1.10e-96	288
JODNMC_00627	iYL1228.KPN_00920	49.4	316	146	7	9	316	17	326	1.78e-96	288
JODNMC_00627	STM_v1_0.STM0958	49.1	316	147	6	9	316	8	317	5.36e-96	286
JODNMC_00627	iSbBS512_1146.SbBS512_E2441	49.1	316	147	7	9	316	8	317	7.35e-96	286
JODNMC_00627	iML1515.b0888	49.1	316	147	7	9	316	8	317	1.04e-95	285
JODNMC_00627	iSDY_1059.SDY_2373	49.1	316	147	7	9	316	8	317	1.04e-95	285
JODNMC_00627	iSSON_1240.SSON_0889	49.1	316	147	7	9	316	8	317	1.04e-95	285
JODNMC_00627	iPC815.YPO1374	48.7	316	147	6	9	316	8	316	2.02e-95	285
JODNMC_00627	iSF_1195.SF0847	49.1	316	147	7	9	316	8	317	2.96e-95	284
JODNMC_00627	iJN1463.PP_0786	48.6	315	148	6	9	316	8	315	4.64e-94	281
JODNMC_00628	iAF692.Mbar_A0721	37.6	298	178	6	2	298	150	440	1.81e-53	180
JODNMC_00628	iAF692.Mbar_A2225	36.5	293	178	6	2	293	150	435	1.11e-52	178
JODNMC_00630	iML1515.b3336	28.3	113	77	3	15	126	6	115	7.80e-06	42.7
JODNMC_00637	iCN900.CD630_00500	34.1	138	90	1	1	137	344	481	9.23e-20	83.6
JODNMC_00638	iCN900.CD630_16310	49.5	206	92	5	18	217	29	228	1.33e-69	212
JODNMC_00638	iYO844.BSU25020	51.2	205	88	5	21	219	3	201	3.88e-69	210
JODNMC_00638	iYS854.USA300HOU_RS00700	46.1	204	97	5	21	219	3	198	1.76e-64	198
JODNMC_00638	iYS854.USA300HOU_RS08290	48.3	201	91	5	21	216	3	195	5.00e-64	197
JODNMC_00638	iJN1463.PP_0946	48.0	202	97	2	23	220	12	209	5.74e-63	194
JODNMC_00639	iYS854.USA300HOU_RS02925	37.3	193	111	4	3	191	5	191	2.06e-33	118
JODNMC_00639	iYO844.BSU00150	35.5	197	115	4	3	191	6	198	1.16e-29	108
JODNMC_00659	iCN900.CD630_15140	25.1	243	165	6	12	241	9	247	3.61e-08	52.8
JODNMC_00662	iHN637.CLJU_RS10450	50.9	393	193	0	2	394	1	393	3.48e-144	415
JODNMC_00662	iCN900.CD630_13390	45.8	393	213	0	2	394	1	393	1.05e-130	380
JODNMC_00663	iAF987.Gmet_1605	52.0	171	80	1	2	172	243	411	5.47e-54	176
JODNMC_00663	iLJ478.TM0720	50.3	177	80	2	1	171	244	418	1.41e-53	175
JODNMC_00663	iJN1463.PP_0671	52.4	168	78	1	5	172	251	416	6.25e-53	173
JODNMC_00663	iSSON_1240.SSON_2634	53.0	168	77	1	5	172	252	417	9.61e-52	170
JODNMC_00663	iML1515.b2551	52.4	168	78	1	5	172	252	417	2.67e-51	169
JODNMC_00663	iSbBS512_1146.SbBS512_E2916	52.4	168	78	1	5	172	252	417	2.67e-51	169
JODNMC_00663	iSDY_1059.SDY_2741	52.4	168	78	1	5	172	252	417	2.67e-51	169
JODNMC_00663	iSF_1195.SF2598	52.4	168	78	1	5	172	252	417	2.67e-51	169
JODNMC_00663	STM_v1_0.STM2555	50.6	168	81	1	5	172	252	417	1.47e-50	167
JODNMC_00663	iYL1228.KPN_02876	50.6	168	81	1	5	172	252	417	4.09e-50	166
JODNMC_00663	iYS854.USA300HOU_RS11410	47.3	167	87	1	5	171	246	411	1.44e-49	164
JODNMC_00663	iPC815.YPO2907	50.6	168	81	1	5	172	252	417	1.60e-49	164
JODNMC_00663	iJN1463.PP_0322	50.9	167	80	1	5	171	252	416	4.43e-49	163
JODNMC_00667	iYO844.BSU36890	34.4	189	112	6	31	215	29	209	2.30e-27	103
JODNMC_00667	iCN900.CD630_34790	33.3	213	128	7	7	215	7	209	3.23e-27	102
JODNMC_00667	iNF517.LLMG_RS10940	34.9	189	113	6	31	215	29	211	5.13e-26	99.8
JODNMC_00667	iYS854.USA300HOU_RS11405	33.0	203	124	6	16	215	16	209	1.45e-24	95.9
JODNMC_00667	iJN1463.PP_0746	33.7	187	118	5	31	216	28	209	1.65e-23	93.2
JODNMC_00673	iCN900.CD630_12260	40.1	147	85	2	5	151	195	338	3.63e-27	103
JODNMC_00675	iYL1228.KPN_03962	59.4	345	138	1	1	343	52	396	2.99e-143	410
JODNMC_00675	iML1515.b3617	59.4	345	138	1	1	343	53	397	2.51e-142	408
JODNMC_00675	iSF_1195.SF3657	59.4	345	138	1	1	343	53	397	2.51e-142	408
JODNMC_00675	iPC815.YPO0059	57.7	345	144	1	1	343	58	402	2.98e-142	408
JODNMC_00675	iSbBS512_1146.SbBS512_E4045	59.1	345	139	1	1	343	53	397	1.02e-141	406
JODNMC_00675	iSDY_1059.SDY_4050	59.1	345	139	1	1	343	53	397	1.02e-141	406
JODNMC_00675	iSSON_1240.SSON_3787	59.1	345	139	1	1	343	53	397	2.04e-141	405
JODNMC_00675	STM_v1_0.STM3709	59.1	345	139	1	1	343	53	397	5.83e-141	404
JODNMC_00675	iIS312.TCDM_09537	56.6	343	148	1	1	342	62	404	8.86e-137	394
JODNMC_00675	iCHOv1.100752849	53.6	343	159	0	1	343	73	415	5.70e-128	372
JODNMC_00688	iSynCJ816.SGL_RS10925	67.6	108	30	2	1	103	291	398	1.48e-42	142
JODNMC_00689	iJN1463.PP_4210	39.5	119	67	3	93	209	539	654	1.15e-14	71.6
JODNMC_00689	iYO844.BSU30410	34.8	135	72	2	91	209	301	435	3.78e-13	67.0
JODNMC_00691	iML1515.b1010	32.0	122	83	0	2	123	3	124	1.22e-17	72.8
JODNMC_00691	iSDY_1059.SDY_0985	32.0	122	83	0	2	123	3	124	1.22e-17	72.8
JODNMC_00691	iSF_1195.SF1013	32.0	122	83	0	2	123	3	124	2.44e-17	72.0
JODNMC_00694	iCN900.CD630_01120	42.4	255	146	1	1	255	46	299	4.01e-54	176
JODNMC_00694	iLJ478.TM1130	43.8	217	121	1	37	253	79	294	4.81e-54	176
JODNMC_00694	iYO844.BSU24090	39.2	255	152	2	1	255	45	296	5.99e-50	165
JODNMC_00694	iAF987.Gmet_2098	40.2	261	142	3	1	253	47	301	8.90e-50	165
JODNMC_00694	iCN900.CD630_24250	40.8	255	146	4	1	254	47	297	1.38e-47	159
JODNMC_00695	iCN718.ABAYE_RS09970	42.7	440	249	3	1	438	29	467	1.38e-124	369
JODNMC_00695	iYO844.BSU24060	43.2	447	243	4	1	437	28	473	1.17e-116	349
JODNMC_00701	iYL1228.KPN_00239	35.0	432	270	7	6	431	3	429	6.21e-74	238
JODNMC_00709	iHN637.CLJU_RS14395	51.8	83	38	1	28	110	71	151	3.48e-19	80.5
JODNMC_00709	iCN900.CD630_14530	57.1	63	27	0	52	114	24	86	1.04e-18	78.2
JODNMC_00709	iAF987.Gmet_0346	43.8	89	47	2	28	115	71	157	3.24e-18	77.8
JODNMC_00709	iLJ478.TM0343	47.0	83	42	1	28	110	70	150	1.62e-17	75.9
JODNMC_00709	iAF987.Gmet_0024	40.9	88	51	1	28	115	70	156	3.21e-17	75.1
JODNMC_00710	iCN900.CD630_18320	53.5	159	74	0	3	161	179	337	1.40e-52	169
JODNMC_00710	iYO844.BSU29750	55.4	148	66	0	3	150	203	350	1.26e-48	160
JODNMC_00710	iHN637.CLJU_RS14395	53.6	151	70	0	3	153	180	330	1.81e-48	159
JODNMC_00710	iAF987.Gmet_0346	50.0	158	79	0	2	159	180	337	1.26e-47	157
JODNMC_00710	iLJ478.TM0343	50.0	160	80	0	2	161	178	337	1.23e-47	157
JODNMC_00710	iYS854.USA300HOU_RS09225	52.5	158	75	0	3	160	203	360	6.11e-47	155
JODNMC_00710	iAF987.Gmet_0024	52.6	152	72	0	2	153	179	330	5.60e-47	155
JODNMC_00711	iJN1463.PP_0956	37.1	151	94	1	67	217	12	161	5.13e-25	96.3
JODNMC_00711	iYL1228.KPN_03608	34.9	152	98	1	64	215	23	173	1.73e-21	87.4
JODNMC_00722	iAF987.Gmet_0301	27.9	201	120	9	84	268	16	207	7.70e-08	53.5
JODNMC_00725	iAF987.Gmet_2389	26.7	105	76	1	1	105	75	178	8.78e-08	48.1
JODNMC_00727	STM_v1_0.STM3039	32.1	159	106	2	2	158	3	161	3.24e-25	95.9
JODNMC_00727	iSbBS512_1146.SbBS512_E3308	34.6	156	100	2	5	158	6	161	3.32e-25	95.9
JODNMC_00727	iSSON_1240.SSON_3042	34.0	156	101	2	5	158	6	161	1.84e-24	94.0
JODNMC_00727	iSDY_1059.SDY_3193	34.0	156	101	2	5	158	6	161	2.58e-24	93.6
JODNMC_00727	iSF_1195.SF2875	34.0	156	101	2	5	158	6	161	2.58e-24	93.6
JODNMC_00727	iML1515.b2889	33.3	156	102	2	5	158	6	161	1.01e-23	92.0
JODNMC_00727	iMM904.YPL117C	34.6	191	96	6	1	162	70	260	5.99e-22	89.7
JODNMC_00727	iYL1228.KPN_03317	32.3	158	101	4	5	158	6	161	2.28e-22	88.6
JODNMC_00727	iCHOv1.100752366	32.6	184	102	4	1	162	75	258	3.00e-21	87.8
JODNMC_00727	iMM1415.319554	33.5	185	99	6	1	162	73	256	2.91e-21	87.8
JODNMC_00729	iLB1027_lipid.PHATRDRAFT_19705	30.3	178	118	4	19	192	35	210	1.71e-21	88.6
JODNMC_00729	iAM_Pc455.PCYB_094710	29.1	206	130	6	19	212	57	258	3.56e-18	80.1
JODNMC_00730	iJN1463.PP_4215	34.6	107	37	3	221	322	162	240	2.48e-06	48.9
JODNMC_00740	iAF987.Gmet_0552	50.0	306	153	0	14	319	7	312	1.05e-100	298
JODNMC_00740	iHN637.CLJU_RS01500	48.4	308	156	2	14	319	7	313	4.33e-97	289
JODNMC_00740	iCN900.CD630_23210	49.7	296	148	1	14	309	5	299	9.80e-97	288
JODNMC_00740	iCN900.CD630_34590	47.4	306	161	0	14	319	6	311	4.96e-96	286
JODNMC_00742	iAF692.Mbar_A0541	43.7	419	228	7	1	418	28	439	1.54e-112	337
JODNMC_00742	iAF987.Gmet_3528	45.5	393	208	5	29	418	27	416	1.40e-106	321
JODNMC_00742	iCN900.CD630_00140	42.1	430	235	7	1	423	1	423	5.59e-106	319
JODNMC_00742	iLJ478.TM1379	43.3	425	237	4	1	422	1	424	5.94e-106	319
JODNMC_00742	iNF517.LLMG_RS03735	50.6	334	162	3	93	423	90	423	7.90e-106	319
JODNMC_00742	iCN718.ABAYE_RS04335	44.9	421	225	6	1	418	1	417	3.16e-105	317
JODNMC_00742	iHN637.CLJU_RS00085	48.0	329	168	3	93	418	92	420	4.90e-105	317
JODNMC_00742	iYS854.USA300HOU_RS00045	42.5	421	236	5	1	418	1	418	2.94e-104	315
JODNMC_00742	iYL1228.KPN_00925	44.2	421	221	7	7	417	7	423	1.12e-101	308
JODNMC_00748	iAF987.Gmet_2355	60.9	87	33	1	18	104	175	260	2.62e-29	107
JODNMC_00748	iIT341.HP0196	48.1	104	54	0	8	111	158	261	1.28e-27	102
JODNMC_00748	iCN718.ABAYE_RS08265	53.3	90	41	1	15	104	175	263	3.35e-26	99.4
JODNMC_00755	iAF987.Gmet_1642	50.2	257	128	0	11	267	6	262	9.31e-90	266
JODNMC_00755	iCN900.CD630_15130	50.0	258	127	1	10	267	5	260	4.49e-82	247
JODNMC_00755	iLJ478.TM1728	48.6	259	131	2	14	271	3	260	8.81e-81	244
JODNMC_00756	iNF517.LLMG_RS07670	31.8	236	147	5	11	242	75	300	8.85e-30	112
JODNMC_00760	iAM_Pb448.PBANKA_080930	40.1	167	96	2	3	169	60	222	2.97e-34	120
JODNMC_00760	iAM_Pf480.PF3D7_0907900	38.9	167	98	2	3	169	65	227	9.38e-34	119
JODNMC_00760	iAM_Pc455.PCYB_071570	39.5	167	97	1	3	169	65	227	1.03e-32	117
JODNMC_00760	iAM_Pv461.PVX_098840	39.0	164	96	1	3	166	10	169	4.03e-32	114
JODNMC_00761	iCN718.ABAYE_RS05125	47.6	269	127	5	4	262	7	271	2.00e-47	158
JODNMC_00761	iPC815.YPO1041	46.0	272	133	6	1	262	4	271	8.10e-47	157
JODNMC_00761	iSbBS512_1146.SbBS512_E0158	46.3	272	132	6	1	262	4	271	4.51e-46	155
JODNMC_00761	iML1515.b0166	46.3	272	132	6	1	262	4	271	6.35e-46	154
JODNMC_00761	iSF_1195.SF0156	46.3	272	132	6	1	262	4	271	6.35e-46	154
JODNMC_00761	iSSON_1240.SSON_0178	46.3	272	132	6	1	262	4	271	6.35e-46	154
JODNMC_00761	iSDY_1059.SDY_0182	46.3	272	132	6	1	262	4	271	8.95e-46	154
JODNMC_00761	iYL1228.KPN_00179	44.9	272	136	5	1	262	4	271	9.88e-45	151
JODNMC_00761	STM_v1_0.STM0213	45.2	272	135	6	1	262	4	271	9.88e-45	151
JODNMC_00768	iEK1008.Rv3257c	40.5	237	132	5	20	254	209	438	3.26e-48	166
JODNMC_00768	iSSON_1240.SSON_2101	39.7	247	141	5	22	266	210	450	2.07e-47	163
JODNMC_00768	iSF_1195.SF2111	39.3	234	135	4	22	254	210	437	1.62e-45	158
JODNMC_00768	iML1515.b2048	38.9	234	136	4	22	254	210	437	1.20e-44	156
JODNMC_00768	iSbBS512_1146.SbBS512_E1184	38.9	234	136	4	22	254	210	437	1.68e-44	155
JODNMC_00768	STM_v1_0.STM2104	38.5	234	137	4	22	254	210	437	1.79e-42	150
JODNMC_00768	iPC815.YPO3097	36.8	242	147	4	22	262	210	446	1.82e-42	150
JODNMC_00768	iCN718.ABAYE_RS18855	36.0	239	146	4	17	254	203	435	4.86e-42	149
JODNMC_00770	iLJ478.TM1267	59.7	461	178	4	18	475	16	471	1.90e-192	543
JODNMC_00771	iAF987.Gmet_2727	36.1	108	69	0	28	135	291	398	1.84e-16	73.9
JODNMC_00773	iAF987.Gmet_1599	44.2	328	179	3	4	329	1	326	7.53e-95	284
JODNMC_00773	iCN900.CD630_11790	44.5	326	176	3	6	329	4	326	1.83e-93	281
JODNMC_00780	iJN1463.PP_0959	28.9	225	152	4	24	246	46	264	7.10e-24	96.3
JODNMC_00782	iCHOv1.100766004	45.5	77	42	0	1	77	128	204	9.12e-17	72.0
JODNMC_00783	iLJ478.TM0561	43.3	344	194	1	17	359	8	351	1.80e-99	298
JODNMC_00783	iAF987.Gmet_1189	41.9	351	201	3	12	359	6	356	3.76e-89	271
JODNMC_00790	iAF987.Gmet_1248	23.9	343	255	6	9	348	7	346	2.64e-18	84.7
JODNMC_00796	iHN637.CLJU_RS06550	44.1	399	217	4	9	405	3	397	4.60e-110	328
JODNMC_00796	iYO844.BSU22370	42.8	395	216	5	9	401	3	389	8.66e-104	312
JODNMC_00796	iCN718.ABAYE_RS05270	42.4	396	220	4	6	400	2	390	7.77e-101	305
JODNMC_00796	iIT341.HP0672	41.9	396	213	6	10	401	4	386	2.07e-98	298
JODNMC_00797	iSynCJ816.SGL_RS13805	58.0	398	166	1	1	398	1	397	3.14e-179	504
JODNMC_00800	iCHOv1.100765277	56.5	363	158	0	1	363	373	735	3.10e-143	423
JODNMC_00800	iMM1415.17850	55.9	363	160	0	1	363	373	735	4.92e-142	420
JODNMC_00800	iML1515.b2917	57.5	369	152	2	1	365	342	709	1.51e-141	418
JODNMC_00800	iSSON_1240.SSON_3068	57.5	369	152	2	1	365	342	709	3.02e-141	417
JODNMC_00800	iAT_PLT_636.4594	55.4	363	162	0	1	363	375	737	2.32e-140	416
JODNMC_00800	iSF_1195.SF2902	57.2	369	153	2	1	365	342	709	8.51e-141	416
JODNMC_00800	iEK1008.Rv1493	57.7	371	149	2	1	363	369	739	4.09e-135	402
JODNMC_00800	iLB1027_lipid.PHATRDRAFT_51830	53.7	389	156	6	1	365	325	713	2.16e-127	382
JODNMC_00801	iNF517.LLMG_RS01210	57.1	487	206	2	3	486	5	491	8.49e-189	535
JODNMC_00801	iHN637.CLJU_RS18305	57.5	482	200	3	6	486	4	481	2.51e-188	534
JODNMC_00801	iLJ478.TM1347	56.1	481	206	3	7	485	1	478	7.69e-187	530
JODNMC_00801	iYO844.BSU00090	57.0	481	201	3	9	486	9	486	1.09e-185	527
JODNMC_00801	iAF987.Gmet_2293	57.3	480	204	1	7	485	6	485	2.80e-184	524
JODNMC_00801	iCN718.ABAYE_RS01355	56.6	484	204	5	6	485	4	485	1.17e-182	520
JODNMC_00801	iJN1463.PP_1031	55.6	484	210	4	6	485	4	486	1.31e-179	512
JODNMC_00801	iYS854.USA300HOU_RS02065	53.4	489	223	4	1	486	1	487	2.36e-172	493
JODNMC_00801	STM_v1_0.STM2511	52.3	482	227	3	6	485	4	484	1.26e-169	486
JODNMC_00801	iML1515.b2508	52.1	482	228	3	6	485	4	484	1.44e-168	484
JODNMC_00801	iSbBS512_1146.SbBS512_E2883	52.1	482	228	3	6	485	4	484	1.44e-168	484
JODNMC_00801	iSF_1195.SF2554	52.1	482	228	3	6	485	4	484	1.44e-168	484
JODNMC_00801	iSSON_1240.SSON_2590	52.1	482	228	3	6	485	4	484	1.44e-168	484
JODNMC_00801	iIT341.HP0829	53.1	482	219	6	6	485	3	479	1.61e-168	483
JODNMC_00813	iML1515.b1679	37.6	117	67	3	2	114	22	136	1.84e-18	75.1
JODNMC_00813	iSDY_1059.SDY_1910	37.6	117	67	3	2	114	22	136	2.59e-18	74.7
JODNMC_00813	iSSON_1240.SSON_1477	35.7	115	72	2	2	114	22	136	2.59e-18	74.7
JODNMC_00813	iSbBS512_1146.SbBS512_E1880	36.8	117	68	3	2	114	22	136	5.17e-18	73.9
JODNMC_00813	iSF_1195.SF1708	37.6	117	67	3	2	114	22	136	7.29e-18	73.6
JODNMC_00814	iYS854.USA300HOU_RS04825	42.7	96	55	0	4	99	6	101	1.02e-25	91.7
JODNMC_00817	iAF987.Gmet_1282	56.5	239	104	0	1	239	8	246	1.67e-92	272
JODNMC_00817	iJN1463.PP_0953	56.7	238	102	1	3	239	4	241	1.66e-86	256
JODNMC_00817	iML1515.b3201	53.4	238	110	1	3	239	4	241	3.86e-85	253
JODNMC_00817	iSbBS512_1146.SbBS512_E3569	53.4	238	110	1	3	239	4	241	3.86e-85	253
JODNMC_00817	iSDY_1059.SDY_3382	53.4	238	110	1	3	239	4	241	3.86e-85	253
JODNMC_00817	iSF_1195.SF3241	53.4	238	110	1	3	239	4	241	3.86e-85	253
JODNMC_00817	iSSON_1240.SSON_3349	53.4	238	110	1	3	239	4	241	3.86e-85	253
JODNMC_00822	iML1515.b1856	32.4	111	59	4	109	219	314	408	7.50e-07	49.3
JODNMC_00827	iHN637.CLJU_RS08905	42.4	132	66	4	32	163	4	125	1.67e-20	81.6
JODNMC_00827	iCHOv1.100754972	47.5	101	48	3	32	132	16	111	2.67e-19	79.0
JODNMC_00827	iMM1415.72269	47.5	101	48	3	32	132	16	111	2.61e-19	79.0
JODNMC_00827	iLJ478.TM0846	45.5	99	48	2	32	130	5	97	2.04e-18	76.3
JODNMC_00827	iYO844.BSU25300	41.0	134	67	4	32	164	4	126	3.17e-18	75.9
JODNMC_00827	iNF517.LLMG_RS05395	36.1	133	75	4	32	164	5	127	3.85e-18	75.5
JODNMC_00831	iEK1008.Rv3010c	31.9	160	95	6	1	156	165	314	1.77e-14	70.9
JODNMC_00831	iCN900.CD630_31100	26.8	224	143	8	2	214	181	394	7.55e-14	69.3
JODNMC_00831	iSynCJ816.SGL_RS03255	29.2	178	106	6	1	170	179	344	1.93e-12	65.1
JODNMC_00831	iAF987.Gmet_1640	31.2	154	98	4	1	153	178	324	4.84e-12	63.9
JODNMC_00833	iSynCJ816.SGL_RS17340	43.7	135	76	0	1	135	184	318	2.48e-36	126
JODNMC_00836	iCN900.CD630_31950	42.9	371	188	5	1	348	437	806	2.86e-88	282
JODNMC_00837	iHN637.CLJU_RS17580	42.9	112	59	3	17	127	136	243	4.66e-24	92.8
JODNMC_00837	iAF987.Gmet_1842	38.3	120	64	4	18	127	144	263	1.05e-21	87.0
JODNMC_00837	iYO844.BSU15530	35.4	130	79	2	4	130	125	252	2.26e-21	85.9
JODNMC_00838	iAF987.Gmet_1841	52.3	300	143	0	2	301	5	304	8.68e-110	320
JODNMC_00838	iHN637.CLJU_RS17575	50.3	296	146	1	5	300	2	296	6.96e-102	300
JODNMC_00838	iYO844.BSU15540	49.7	294	148	0	5	298	4	297	1.51e-99	294
JODNMC_00840	iML1515.b3781	47.4	95	50	0	5	99	8	102	4.39e-32	108
JODNMC_00840	STM_v1_0.STM3915	47.4	95	50	0	5	99	8	102	4.39e-32	108
JODNMC_00840	iSbBS512_1146.SbBS512_E4140	47.4	95	50	0	5	99	8	102	4.39e-32	108
JODNMC_00840	iSDY_1059.SDY_3968	47.4	95	50	0	5	99	26	120	7.37e-32	108
JODNMC_00840	iSF_1195.SF3854	47.4	95	50	0	5	99	26	120	7.37e-32	108
JODNMC_00840	iSSON_1240.SSON_3952	47.4	95	50	0	5	99	26	120	7.37e-32	108
JODNMC_00840	iYL1228.KPN_04282	47.4	95	50	0	5	99	8	102	3.58e-31	105
JODNMC_00840	iIT341.HP0824	48.5	101	50	1	5	105	7	105	1.89e-30	103
JODNMC_00840	iPC815.YPO3868	45.7	94	51	0	5	98	8	101	4.03e-30	103
JODNMC_00843	iJN1463.PP_0341	34.3	67	39	3	1	66	246	308	8.04e-06	42.4
JODNMC_00845	iAF692.Mbar_A0625	25.8	120	84	3	203	319	26	143	1.62e-05	44.7
JODNMC_00846	iYO844.BSU00140	36.2	152	95	1	2	151	56	207	2.54e-31	111
JODNMC_00846	iYS854.USA300HOU_RS02920	40.1	152	89	1	2	151	56	207	2.74e-31	111
JODNMC_00855	iYO844.BSU35600	26.7	333	236	6	11	338	95	424	1.44e-18	87.0
JODNMC_00859	iJN1463.PP_4210	50.2	223	110	1	3	224	4	226	2.60e-66	216
JODNMC_00859	iCN900.CD630_19470	45.7	219	118	1	5	222	10	228	1.50e-64	200
JODNMC_00860	iCHOv1.100751940	35.7	185	111	4	6	184	51	233	2.86e-25	97.4
JODNMC_00860	iCN718.ABAYE_RS03570	33.3	192	102	4	6	184	7	185	2.46e-23	91.3
JODNMC_00860	STM_v1_0.STM2050	35.2	165	104	2	7	170	3	165	5.53e-21	87.8
JODNMC_00861	iLJ478.TM1522	40.7	113	57	5	7	117	124	228	8.40e-17	73.2
JODNMC_00862	iPC815.YPO2830	28.4	155	102	4	7	158	6	154	5.70e-17	73.9
JODNMC_00862	iYS854.USA300HOU_RS00270	26.7	161	109	5	8	165	1	155	3.29e-15	68.9
JODNMC_00866	iCN900.CD630_20200	25.0	300	150	12	2	281	611	855	4.24e-05	44.7
JODNMC_00868	iLJ478.TM0327	38.2	272	162	3	71	338	40	309	7.06e-50	169
JODNMC_00868	iHN637.CLJU_RS05700	37.1	267	160	4	65	327	41	303	3.53e-48	164
JODNMC_00868	iLJ478.TM1401	35.6	261	163	5	58	314	29	288	1.19e-44	154
JODNMC_00869	iYS854.USA300HOU_RS05340	38.9	193	105	4	3	188	2	188	1.02e-33	118
JODNMC_00869	iAF692.Mbar_A1295	36.4	195	119	3	3	192	9	203	1.37e-31	113
JODNMC_00871	iLJ478.TM1817	33.8	423	264	8	1	416	448	861	8.25e-70	236
JODNMC_00871	iHN637.CLJU_RS17105	35.6	421	242	13	1	401	452	863	4.92e-68	231
JODNMC_00871	iYS854.USA300HOU_RS08810	33.8	435	254	13	1	412	444	867	7.02e-63	217
JODNMC_00872	iSynCJ816.SGL_RS12975	32.1	84	52	3	174	256	266	345	9.11e-04	40.4
JODNMC_00874	iAF987.Gmet_0072	48.1	187	89	1	3	189	153	331	4.03e-54	175
JODNMC_00874	iYO844.BSU13550	49.2	199	92	2	3	200	156	346	1.35e-53	174
JODNMC_00874	iLJ478.TM0911	48.7	189	89	1	3	191	150	330	1.30e-51	169
JODNMC_00874	iSynCJ816.SGL_RS12395	47.9	188	90	2	1	188	160	339	8.79e-51	167
JODNMC_00874	iYL1228.KPN_00627	46.5	187	96	1	3	189	144	326	9.53e-48	159
JODNMC_00877	iCN718.ABAYE_RS09945	33.0	206	110	9	151	347	37	223	2.32e-21	91.3
JODNMC_00878	iNF517.LLMG_RS08890	48.7	349	176	2	1	349	194	539	5.31e-102	310
JODNMC_00879	iLJ478.TM1825	51.9	52	25	0	2	53	102	153	1.35e-11	55.1
JODNMC_00879	iCN718.ABAYE_RS01015	63.6	44	16	0	3	46	106	149	2.32e-11	54.3
JODNMC_00879	iNF517.LLMG_RS07695	63.6	44	16	0	3	46	103	146	2.24e-11	54.3
JODNMC_00879	iPC815.YPO3182	61.4	44	17	0	3	46	104	147	3.26e-11	53.9
JODNMC_00879	iML1515.b0415	65.0	40	14	0	7	46	108	147	4.58e-11	53.5
JODNMC_00879	iYL1228.KPN_00367	65.0	40	14	0	7	46	108	147	4.58e-11	53.5
JODNMC_00879	iSbBS512_1146.SbBS512_E0336	65.0	40	14	0	7	46	108	147	4.58e-11	53.5
JODNMC_00879	iSDY_1059.SDY_0319	65.0	40	14	0	7	46	108	147	4.58e-11	53.5
JODNMC_00879	iSF_1195.SF0352	65.0	40	14	0	7	46	108	147	4.58e-11	53.5
JODNMC_00879	iSSON_1240.SSON_0392	65.0	40	14	0	7	46	108	147	4.58e-11	53.5
JODNMC_00879	iYS854.USA300HOU_RS09385	62.5	40	15	0	8	47	107	146	4.44e-11	53.5
JODNMC_00879	iJN1463.PP_0517	60.0	45	18	0	2	46	104	148	6.64e-11	53.1
JODNMC_00879	STM_v1_0.STM0417	62.5	40	15	0	7	46	108	147	6.44e-11	53.1
JODNMC_00879	iYO844.BSU23250	59.0	39	16	0	9	47	109	147	1.23e-10	52.4
JODNMC_00879	iHN637.CLJU_RS10825	57.8	45	19	0	3	47	103	147	1.21e-10	52.4
JODNMC_00879	iCN900.CD630_16970	46.2	52	28	0	2	53	101	152	1.71e-10	52.0
JODNMC_00879	iAF987.Gmet_1627	58.7	46	19	0	3	48	104	149	1.76e-10	52.0
JODNMC_00880	iAF987.Gmet_3339	38.3	300	175	4	1	298	9	300	1.25e-61	197
JODNMC_00880	iCN900.CD630_25840	35.8	302	182	7	1	298	6	299	6.26e-55	180
JODNMC_00881	iHN637.CLJU_RS05575	50.8	238	111	3	1	236	89	322	7.47e-68	212
JODNMC_00886	iPC815.YPO2836	39.9	419	246	3	2	415	263	680	4.63e-109	335
JODNMC_00886	iYL1228.KPN_02826	39.6	419	247	3	2	415	263	680	4.97e-108	333
JODNMC_00886	iSDY_1059.SDY_2690	40.1	421	244	4	2	415	263	682	1.46e-107	332
JODNMC_00886	iSbBS512_1146.SbBS512_E2875	40.1	421	244	4	2	415	263	682	2.05e-107	331
JODNMC_00886	iML1515.b2501	40.1	421	244	4	2	415	263	682	2.89e-107	331
JODNMC_00886	iSF_1195.SF2545	40.1	421	244	4	2	415	263	682	2.89e-107	331
JODNMC_00886	iSSON_1240.SSON_2583	40.1	421	244	4	2	415	263	682	4.07e-107	330
JODNMC_00886	STM_v1_0.STM2501	39.7	421	246	4	2	415	263	682	2.47e-105	326
JODNMC_00891	iSynCJ816.SGL_RS06840	64.8	395	133	2	4	393	67	460	1.13e-169	483
JODNMC_00891	iML1515.b1602	63.9	399	134	6	1	393	64	458	9.47e-162	462
JODNMC_00891	iSbBS512_1146.SbBS512_E1788	63.9	399	134	6	1	393	64	458	9.47e-162	462
JODNMC_00891	iSDY_1059.SDY_1551	63.9	399	134	6	1	393	64	458	9.47e-162	462
JODNMC_00891	iSF_1195.SF1623	63.9	399	134	6	1	393	64	458	9.47e-162	462
JODNMC_00891	iSSON_1240.SSON_1558	63.9	399	134	6	1	393	64	458	9.47e-162	462
JODNMC_00891	iYL1228.KPN_01527	62.4	399	140	4	1	393	64	458	1.34e-161	461
JODNMC_00891	STM_v1_0.STM1480	63.7	397	138	5	1	393	64	458	5.42e-161	460
JODNMC_00891	iPC815.YPO2302	62.4	396	145	4	1	393	64	458	1.25e-157	451
JODNMC_00893	iCN900.CD630_08910	35.1	188	108	3	126	312	89	263	2.83e-30	116
JODNMC_00901	iYS854.USA300HOU_RS07595	48.0	75	39	0	1	75	258	332	8.85e-14	72.0
JODNMC_00904	iSF_1195.SF2444	20.9	253	186	7	37	284	74	317	8.48e-06	46.2
JODNMC_00904	iYL1228.KPN_01167	22.0	255	182	9	37	284	50	294	8.06e-05	43.1
JODNMC_00904	iSSON_1240.SSON_1074	21.2	269	175	8	33	284	48	296	1.44e-04	42.4
JODNMC_00916	iAF987.Gmet_1487	56.7	367	158	1	7	373	244	609	3.64e-138	406
JODNMC_00916	iAF987.Gmet_0104	55.9	367	161	1	7	373	244	609	1.17e-136	402
JODNMC_00920	iSynCJ816.SGL_RS09315	42.0	150	87	0	1	150	292	441	8.30e-26	100
JODNMC_00920	iCN900.CD630_06960	40.8	147	85	1	3	147	306	452	1.40e-22	92.0
JODNMC_00921	iYO844.BSU14510	29.7	232	144	3	1	230	1	215	2.37e-24	96.3
JODNMC_00921	iYS854.USA300HOU_RS05420	29.3	181	126	1	1	179	1	181	6.90e-22	89.7
JODNMC_00925	iCHOv1.100689220	27.4	317	173	12	16	307	577	861	4.10e-22	96.7
JODNMC_00925	iYL1228.KPN_00918	33.9	218	130	5	93	301	356	568	9.42e-22	95.1
JODNMC_00925	iAF987.Gmet_2349	21.8	308	229	5	5	304	263	566	2.32e-21	94.0
JODNMC_00925	iCN900.CD630_04310	33.2	211	130	7	80	286	269	472	1.17e-20	91.7
JODNMC_00925	iSF_1195.SF0845	33.2	214	131	6	96	301	359	568	6.31e-20	89.7
JODNMC_00925	iSSON_1240.SSON_0887	33.2	214	131	6	96	301	359	568	8.51e-20	89.4
JODNMC_00925	iYO844.BSU32750	29.7	236	143	7	77	295	1	230	3.74e-20	89.0
JODNMC_00925	iPC815.YPO3144	24.2	302	213	6	9	301	276	570	1.61e-19	88.6
JODNMC_00925	iSbBS512_1146.SbBS512_E2443	32.9	213	133	5	96	301	359	568	2.09e-19	88.2
JODNMC_00925	iCN900.CD630_14890	26.4	227	154	7	77	293	1	224	7.65e-20	87.8
JODNMC_00925	iCHOv1.100689208	25.8	310	191	10	16	307	582	870	3.94e-19	87.8
JODNMC_00925	iSDY_1059.SDY_2375	33.2	214	131	6	96	301	359	568	2.81e-19	87.8
JODNMC_00925	iML1515.b0886	33.2	214	131	6	96	301	359	568	3.79e-19	87.4
JODNMC_00925	iNF517.LLMG_RS09325	30.3	234	147	6	82	305	337	564	5.17e-19	87.0
JODNMC_00925	iMM1415.17250	24.8	310	197	8	16	309	582	871	7.14e-19	87.0
JODNMC_00925	STM_v1_0.STM0956	31.3	233	148	6	78	301	339	568	5.11e-19	87.0
JODNMC_00926	iAF692.Mbar_A0675	32.4	188	124	2	3	189	48	233	1.73e-27	103
JODNMC_00929	iYS854.USA300HOU_RS14480	29.9	137	87	4	8	138	77	210	4.28e-04	41.2
JODNMC_00945	iCN900.CD630_23220	51.5	68	31	1	1	68	205	270	1.13e-16	70.9
JODNMC_00945	iCN900.CD630_34600	45.7	70	36	1	1	70	208	275	3.21e-15	67.0
JODNMC_00951	iAM_Pv461.PVX_091640	60.2	246	98	0	3	248	5	250	1.21e-104	303
JODNMC_00951	iAM_Pc455.PCYB_092620	59.3	246	100	0	3	248	76	321	7.46e-103	301
JODNMC_00951	iAM_Pf480.PF3D7_1120100	58.9	246	101	0	3	248	5	250	9.87e-104	300
JODNMC_00951	iAM_Pb448.PBANKA_092810	59.3	246	100	0	3	248	5	250	1.62e-102	297
JODNMC_00951	iAF987.Gmet_1653	57.8	244	103	0	1	244	1	244	3.95e-100	291
JODNMC_00951	STM_v1_0.STM0772	55.5	245	109	0	4	248	6	250	5.52e-96	281
JODNMC_00951	iML1515.b0755	55.1	245	110	0	4	248	6	250	1.57e-95	280
JODNMC_00951	iSbBS512_1146.SbBS512_E0676	55.1	245	110	0	4	248	6	250	1.57e-95	280
JODNMC_00951	iSF_1195.SF0549	55.1	245	110	0	4	248	6	250	1.57e-95	280
JODNMC_00951	iSSON_1240.SSON_0707	55.1	245	110	0	4	248	6	250	1.57e-95	280
JODNMC_00951	iPC815.YPO1133	54.7	245	111	0	4	248	6	250	3.17e-95	279
JODNMC_00951	iYL1228.KPN_00768	55.1	245	110	0	4	248	6	250	1.82e-94	277
JODNMC_00951	iSDY_1059.SDY_0702	54.7	245	111	0	4	248	6	250	1.82e-94	277
JODNMC_00951	iAT_PLT_636.5223	53.6	248	112	2	4	248	6	253	2.95e-94	276
JODNMC_00951	iMM1415.18648	53.2	248	113	2	4	248	6	253	1.19e-93	275
JODNMC_00951	iCHOv1.100766080	52.8	248	114	2	4	248	6	253	1.69e-93	275
JODNMC_00955	iLJ478.TM1269	48.4	219	103	3	1	219	137	345	1.63e-64	203
JODNMC_00959	iPC815.YPO2303	52.0	325	142	5	1	319	191	507	1.75e-95	291
JODNMC_00959	iSbBS512_1146.SbBS512_E1789	51.7	327	142	6	1	319	191	509	1.16e-93	286
JODNMC_00959	iYL1228.KPN_01526	52.0	327	140	7	1	319	196	513	2.59e-93	286
JODNMC_00959	STM_v1_0.STM1479	50.3	324	150	4	1	319	191	508	4.50e-93	285
JODNMC_00959	iSSON_1240.SSON_1557	51.4	327	143	6	1	319	191	509	1.30e-92	284
JODNMC_00959	iSDY_1059.SDY_1550	51.4	327	143	6	1	319	191	509	1.84e-92	283
JODNMC_00959	iML1515.b1603	51.1	327	144	6	1	319	191	509	2.59e-92	283
JODNMC_00959	iSF_1195.SF1624	50.8	327	145	6	1	319	196	514	4.68e-91	280
JODNMC_00959	iSynCJ816.SGL_RS06815	49.7	326	150	5	1	319	212	530	1.35e-87	271
JODNMC_00968	iPC815.YPO3230	41.8	220	128	0	52	271	266	485	5.74e-56	186
JODNMC_00968	iSbBS512_1146.SbBS512_E0234	43.2	220	125	0	52	271	266	485	2.18e-55	185
JODNMC_00968	iSF_1195.SF0285	43.2	220	125	0	52	271	266	485	2.18e-55	185
JODNMC_00968	iML1515.b0237	43.2	220	125	0	52	271	266	485	3.05e-55	184
JODNMC_00968	iSSON_1240.SSON_0279	43.2	220	125	0	52	271	266	485	3.05e-55	184
JODNMC_00968	iSDY_1059.SDY_0480	42.7	220	126	0	52	271	266	485	6.00e-55	184
JODNMC_00968	STM_v1_0.STM0316	42.3	220	127	0	52	271	266	485	1.25e-53	180
JODNMC_00968	iYL1228.KPN_00249	41.4	220	129	0	52	271	230	449	3.27e-53	178
JODNMC_00980	iJN1463.PP_4784	29.3	150	98	4	1	147	283	427	1.96e-08	51.6
JODNMC_00980	iEK1008.Rv0524	26.2	141	96	3	1	139	315	449	9.25e-08	49.7
JODNMC_00981	iLJ478.TM1253	48.5	268	129	3	96	363	298	556	1.07e-73	239
JODNMC_00981	iSynCJ816.SGL_RS11255	43.5	283	146	3	81	363	269	537	6.10e-66	218
JODNMC_00992	iYS854.USA300HOU_RS11240	29.5	132	74	3	2	128	333	450	1.66e-09	53.9
JODNMC_00992	iCN900.CD630_26550	32.6	135	68	4	2	128	336	455	1.98e-08	50.8
JODNMC_00994	iMM904.YNL220W	47.1	187	88	1	1	176	244	430	2.55e-50	167
JODNMC_00994	iCHOv1.100767083	45.7	186	90	2	1	175	269	454	3.06e-49	164
JODNMC_00994	iMM1415.11566	45.2	186	91	2	1	175	269	454	2.33e-48	162
JODNMC_00994	iAT_PLT_636.122622	44.1	186	93	2	1	175	271	456	5.04e-47	159
JODNMC_00994	iCHOv1.100751825	43.0	186	95	2	1	175	270	455	6.94e-47	158
JODNMC_00994	iMM1415.11565	43.0	186	95	2	1	175	270	455	6.94e-47	158
JODNMC_00994	iCN900.CD630_36550	43.2	190	97	2	1	179	238	427	4.72e-45	153
JODNMC_00994	iAF987.Gmet_3260	39.9	183	99	2	1	172	239	421	4.80e-45	153
JODNMC_00998	iCN900.CD630_10870	34.2	266	146	9	10	260	8	259	1.15e-20	88.2
JODNMC_00998	iSbBS512_1146.SbBS512_E3472	32.6	261	147	9	9	262	4	242	4.39e-18	80.9
JODNMC_01000	iAF692.Mbar_A1452	38.3	339	192	8	1	334	32	358	1.83e-57	196
JODNMC_01000	iCN900.CD630_14790	34.7	346	207	7	1	335	29	366	6.85e-56	193
JODNMC_01000	iYS854.USA300HOU_RS13840	36.4	349	197	8	1	337	28	363	1.23e-51	181
JODNMC_01000	iNF517.LLMG_RS01055	34.6	344	196	9	1	335	28	351	1.16e-50	178
JODNMC_01001	iNF517.LLMG_RS01990	31.8	176	109	5	9	179	94	263	1.32e-20	88.2
JODNMC_01002	iML1515.b2480	41.3	150	88	0	2	151	4	153	1.33e-38	128
JODNMC_01002	iYL1228.KPN_02814	42.0	150	87	0	2	151	4	153	1.33e-38	128
JODNMC_01002	iSbBS512_1146.SbBS512_E2852	41.3	150	88	0	2	151	4	153	1.33e-38	128
JODNMC_01002	iSDY_1059.SDY_2669	41.3	150	88	0	2	151	4	153	1.33e-38	128
JODNMC_01002	iSF_1195.SF2523	41.3	150	88	0	2	151	4	153	1.33e-38	128
JODNMC_01002	iSSON_1240.SSON_2561	41.3	150	88	0	2	151	4	153	1.33e-38	128
JODNMC_01002	iPC815.YPO3064	39.3	150	91	0	2	151	5	154	8.95e-37	123
JODNMC_01009	iEK1008.Rv2959c	27.1	192	129	6	25	207	55	244	3.72e-13	65.9
JODNMC_01012	iJN1463.PP_1801	29.1	223	157	1	9	230	142	364	9.36e-28	108
JODNMC_01018	iYS854.USA300HOU_RS11440	45.5	187	95	2	13	192	8	194	2.54e-53	168
JODNMC_01018	iYO844.BSU37060	47.2	180	88	2	10	182	5	184	1.04e-51	164
JODNMC_01024	iIT341.HP0400	34.4	253	157	3	1	253	30	273	2.87e-37	132
JODNMC_01024	iHN637.CLJU_RS10465	32.4	241	151	5	2	240	36	266	2.65e-31	121
JODNMC_01025	iAF987.Gmet_0886	30.5	243	156	7	19	257	146	379	3.87e-27	107
JODNMC_01025	iPC815.YPO2422	30.1	236	147	9	26	256	151	373	3.27e-24	99.8
JODNMC_01027	iSbBS512_1146.SbBS512_E1194	63.6	286	103	1	2	286	5	290	4.10e-137	388
JODNMC_01027	iML1515.b2039	62.4	287	107	1	2	287	5	291	6.99e-136	385
JODNMC_01027	iSDY_1059.SDY_2206	62.9	286	105	1	2	286	5	290	9.58e-136	385
JODNMC_01027	STM_v1_0.STM2095	62.6	286	106	1	2	286	5	290	3.18e-134	381
JODNMC_01027	iSF_1195.SF2102	62.9	286	105	1	2	286	5	290	9.08e-134	380
JODNMC_01027	iNF517.LLMG_RS01090	60.5	286	112	1	1	285	1	286	2.98e-129	368
JODNMC_01027	iJN1463.PP_1783	61.9	286	108	1	2	286	4	289	3.42e-129	368
JODNMC_01027	iPC815.YPO3861	61.0	287	111	1	1	286	1	287	1.39e-128	367
JODNMC_01027	iHN637.CLJU_RS02620	61.9	286	108	1	2	286	3	288	3.13e-127	363
JODNMC_01027	iEK1008.Rv0334	62.2	286	108	0	1	286	1	286	1.82e-125	358
JODNMC_01027	iML1515.b3789	59.6	287	115	1	1	286	1	287	2.50e-124	356
JODNMC_01027	iSbBS512_1146.SbBS512_E4132	59.6	287	115	1	1	286	1	287	2.50e-124	356
JODNMC_01027	iSF_1195.SF3863	59.6	287	115	1	1	286	1	287	2.50e-124	356
JODNMC_01027	iYL1228.KPN_02490	58.9	287	117	1	1	286	1	287	1.78e-123	353
JODNMC_01027	iYL1228.KPN_02496	58.9	287	117	1	1	286	1	287	1.78e-123	353
JODNMC_01027	iSDY_1059.SDY_3959	59.2	287	116	1	1	286	1	287	2.89e-123	353
JODNMC_01027	iSSON_1240.SSON_3961	59.2	287	116	1	1	286	1	287	2.89e-123	353
JODNMC_01027	iYL1228.KPN_04289	59.2	287	116	1	1	286	2	288	4.92e-122	350
JODNMC_01030	iCN718.ABAYE_RS08160	50.0	108	54	0	2	109	352	459	3.35e-33	119
JODNMC_01030	iMM1415.14194	53.7	108	50	0	2	109	397	504	8.74e-31	113
JODNMC_01030	iCHOv1.100773218	52.8	108	51	0	2	109	397	504	2.30e-30	112
JODNMC_01030	iAT_PLT_636.2271	52.8	108	51	0	2	109	400	507	3.23e-30	111
JODNMC_01030	iSDY_1059.SDY_1827	50.0	108	54	0	2	109	353	460	1.22e-29	109
JODNMC_01030	iIT341.HP1325	49.5	107	54	0	3	109	353	459	3.13e-29	108
JODNMC_01030	iAF692.Mbar_A0425	45.9	109	59	0	1	109	378	486	7.52e-29	107
JODNMC_01046	iPC815.YPO2161	46.8	284	145	2	14	297	58	335	8.78e-86	260
JODNMC_01046	iSDY_1059.SDY_1506	44.3	291	147	5	12	297	55	335	1.51e-78	241
JODNMC_01046	iML1515.b1767	44.3	291	147	5	12	297	55	335	6.03e-78	240
JODNMC_01046	iYL1228.KPN_01203	44.1	288	147	4	14	297	58	335	6.22e-78	240
JODNMC_01046	iSSON_1240.SSON_1388	44.3	291	147	5	12	297	55	335	6.03e-78	240
JODNMC_01046	iSbBS512_1146.SbBS512_E2022	44.3	291	147	5	12	297	55	335	1.21e-77	239
JODNMC_01046	STM_v1_0.STM1294	44.4	288	146	4	14	297	58	335	1.71e-77	239
JODNMC_01046	iSF_1195.SF1456	44.0	291	148	5	12	297	55	335	9.65e-77	237
JODNMC_01047	iAF987.Gmet_0043	26.1	268	180	5	13	274	11	266	4.37e-17	80.5
JODNMC_01054	iYS854.USA300HOU_RS07115	33.8	65	40	1	17	78	175	239	8.57e-07	44.3
JODNMC_01055	iLJ478.TM1658	52.4	210	65	4	6	215	221	395	6.68e-63	200
JODNMC_01055	iML1515.b2942	52.0	196	61	2	21	216	222	384	1.25e-60	194
JODNMC_01055	iSDY_1059.SDY_3130	52.0	196	61	2	21	216	222	384	1.25e-60	194
JODNMC_01055	iSF_1195.SF2933	52.0	196	61	2	21	216	222	384	1.25e-60	194
JODNMC_01055	iSSON_1240.SSON_3096	52.0	196	61	2	21	216	222	384	1.25e-60	194
JODNMC_01055	iSbBS512_1146.SbBS512_E3374	52.3	195	60	2	22	216	223	384	2.48e-60	193
JODNMC_01055	STM_v1_0.STM3090	52.0	196	61	2	21	216	222	384	4.94e-60	192
JODNMC_01055	iYL1228.KPN_03375	51.5	196	62	2	21	216	222	384	9.82e-60	191
JODNMC_01055	iPC815.YPO0931	51.0	196	63	2	21	216	222	384	1.95e-59	191
JODNMC_01055	iYS854.USA300HOU_RS09495	49.3	211	75	3	1	211	216	394	3.80e-59	190
JODNMC_01055	iHN637.CLJU_RS01260	50.0	208	71	4	4	210	213	388	6.52e-59	189
JODNMC_01055	iCN900.CD630_01300	56.1	180	67	6	6	180	222	394	1.50e-58	189
JODNMC_01055	iAF987.Gmet_1290	58.3	168	62	3	6	168	207	371	6.88e-58	187
JODNMC_01055	iEK1008.Rv1392	48.6	210	76	4	2	210	222	400	1.36e-57	186
JODNMC_01055	iCN718.ABAYE_RS10800	54.5	191	58	3	21	211	223	384	2.65e-57	185
JODNMC_01055	iNF517.LLMG_RS10795	49.8	209	70	5	6	214	225	398	7.55e-56	182
JODNMC_01055	iJN1463.PP_4967	53.2	188	67	3	24	211	226	392	1.97e-55	181
JODNMC_01055	iIT341.HP0197	55.2	163	71	1	6	168	207	367	2.13e-55	180
JODNMC_01057	iYL1228.KPN_01538	61.3	160	62	0	1	160	62	221	7.49e-68	206
JODNMC_01057	iJN1463.PP_3951	63.9	158	57	0	1	158	62	219	9.48e-67	203
JODNMC_01058	iML1515.b0650	38.8	67	41	0	104	170	117	183	3.02e-07	51.6
JODNMC_01058	iSbBS512_1146.SbBS512_E0599	38.8	67	41	0	104	170	117	183	3.02e-07	51.6
JODNMC_01058	iSSON_1240.SSON_0604	38.8	67	41	0	104	170	117	183	3.02e-07	51.6
JODNMC_01058	STM_v1_0.STM0659	37.3	67	42	0	104	170	117	183	9.42e-07	50.1
JODNMC_01065	iAF987.Gmet_3012	49.2	118	50	4	8	122	24	134	6.44e-31	110
JODNMC_01066	iHN637.CLJU_RS15830	45.5	99	48	3	1	95	279	375	1.16e-19	81.3
JODNMC_01066	iHN637.CLJU_RS05895	42.4	99	51	3	1	95	278	374	3.62e-17	74.3
JODNMC_01080	STM_v1_0.STM0054	73.0	37	10	0	2	38	394	430	2.90e-13	60.5
JODNMC_01080	STM_v1_0.STM3351	70.3	37	11	0	2	38	394	430	3.54e-12	57.4
JODNMC_01080	iYL1228.KPN_00030	70.3	37	11	0	2	38	394	430	4.84e-12	57.0
JODNMC_01080	iLJ478.TM0880	76.5	34	8	0	5	38	350	383	6.59e-12	56.6
JODNMC_01081	iHN637.CLJU_RS04205	54.0	150	69	0	25	174	3	152	5.54e-49	155
JODNMC_01081	iLJ478.TM0446	49.7	155	77	1	25	178	4	158	4.47e-43	141
JODNMC_01082	iYO844.BSU03860	28.5	186	107	5	6	175	2	177	2.32e-13	65.9
JODNMC_01083	iSynCJ816.SGL_RS16405	33.3	171	114	0	2	172	154	324	6.21e-30	111
JODNMC_01086	iHN637.CLJU_RS06155	38.9	131	79	1	1	130	257	387	6.02e-24	95.1
JODNMC_01086	iCN900.CD630_25870	39.8	123	73	1	15	136	271	393	2.06e-21	88.2
JODNMC_01086	iYO844.BSU15700	38.0	137	84	1	1	136	259	395	7.72e-21	86.7
JODNMC_01088	iHN637.CLJU_RS10465	34.6	127	70	4	87	207	430	549	3.07e-10	58.9
JODNMC_01090	iYL1228.KPN_00243	51.7	203	91	2	1	203	1	196	1.40e-63	195
JODNMC_01091	iYL1228.KPN_00242	48.9	94	48	0	1	94	118	211	5.24e-24	90.1
JODNMC_01092	iJN1463.PP_0553	40.0	75	44	1	6	79	158	232	9.51e-09	54.3
JODNMC_01093	iAM_Pc455.PCYB_147430	34.1	182	113	3	1	178	106	284	3.41e-27	105
JODNMC_01093	iAM_Pv461.PVX_101390	33.5	182	114	3	1	178	286	464	8.31e-26	103
JODNMC_01093	iAM_Pf480.PF3D7_1249900	30.6	209	124	5	1	194	401	603	1.98e-25	102
JODNMC_01093	iAM_Pb448.PBANKA_146280	31.6	206	131	5	1	199	237	439	2.10e-24	99.4
JODNMC_01097	iHN637.CLJU_RS01885	33.0	215	127	5	4	213	77	279	4.31e-30	114
JODNMC_01097	iHN637.CLJU_RS05700	30.6	235	146	5	4	233	80	302	3.88e-28	108
JODNMC_01097	iCN900.CD630_33100	30.0	237	157	4	2	237	68	296	8.25e-28	107
JODNMC_01097	iLJ478.TM1401	30.7	212	138	4	4	213	76	280	1.44e-27	107
JODNMC_01100	iLJ478.TM1748	36.3	223	141	1	70	292	65	286	7.15e-43	148
JODNMC_01100	iLJ478.TM0059	37.5	240	141	2	59	289	119	358	3.10e-40	143
JODNMC_01101	iML1515.b3073	31.7	120	77	2	3	117	320	439	2.87e-15	70.5
JODNMC_01101	iSF_1195.SF3114	31.7	120	77	2	3	117	290	409	2.79e-15	70.5
JODNMC_01101	iSSON_1240.SSON_3211	31.7	120	77	2	3	117	357	476	2.94e-15	70.5
JODNMC_01101	STM_v1_0.STM3218	32.5	117	74	2	3	114	290	406	7.11e-15	69.3
JODNMC_01101	iYL1228.KPN_03501	31.7	120	77	2	3	117	290	409	9.71e-15	68.9
JODNMC_01101	iYO844.BSU40340	35.0	123	74	3	9	129	282	400	5.40e-13	63.9
JODNMC_01102	iYO844.BSU13170	60.3	151	59	1	9	158	6	156	5.58e-61	185
JODNMC_01102	iAF692.Mbar_A3057	56.8	155	67	0	4	158	3	157	6.91e-55	169
